{"stats":{"minecraft:custom":{"minecraft:time_since_rest":1157,"minecraft:sprint_one_cm":1451,"minecraft:deaths":1,"minecraft:play_time":4192,"minecraft:damage_taken":128,"minecraft:walk_one_cm":1178,"minecraft:jump":16,"minecraft:damage_dealt":10,"minecraft:leave_game":3,"minecraft:walk_on_water_one_cm":282,"minecraft:time_since_death":946,"minecraft:total_world_time":4192},"minecraft:picked_up":{"minecraft:raw_copper":3,"minecraft:wooden_sword":1,"minecraft:raw_iron":39,"minecraft:sandstone":4,"minecraft:stone_sword":1,"minecraft:arrow":2,"minecraft:stone_shovel":1,"minecraft:chest_minecart":2,"minecraft:andesite":20,"minecraft:diamond":1,"minecraft:stone_axe":1,"minecraft:beetroot_seeds":2,"minecraft:torch":7,"minecraft:wooden_pickaxe":1,"minecraft:detector_rail":6,"minecraft:cobbled_deepslate":7,"minecraft:birch_planks":3,"minecraft:gravel":3,"minecraft:enchanted_book":1,"minecraft:granite":24,"minecraft:stone_pickaxe":1,"minecraft:sand":7,"minecraft:golden_apple":1,"minecraft:diorite":10,"minecraft:gunpowder":2,"minecraft:melon_seeds":2,"minecraft:glow_berries":5,"minecraft:mutton":1,"minecraft:white_wool":1,"minecraft:rail":15,"minecraft:coal":51,"minecraft:dirt":18,"minecraft:string":2,"minecraft:cobblestone":123}},"DataVersion":3953}