{"stats":{"minecraft:picked_up":{"minecraft:raw_copper":3,"minecraft:wooden_sword":1,"minecraft:raw_iron":39,"minecraft:sandstone":4,"minecraft:stone_sword":1,"minecraft:arrow":2,"minecraft:stone_shovel":1,"minecraft:chest_minecart":2,"minecraft:andesite":20,"minecraft:diamond":1,"minecraft:beetroot_seeds":2,"minecraft:stone_axe":1,"minecraft:torch":7,"minecraft:cobbled_deepslate":7,"minecraft:wooden_pickaxe":1,"minecraft:detector_rail":6,"minecraft:birch_planks":3,"minecraft:gravel":3,"minecraft:sand":7,"minecraft:enchanted_book":1,"minecraft:granite":24,"minecraft:stone_pickaxe":1,"minecraft:golden_apple":1,"minecraft:diorite":10,"minecraft:gunpowder":2,"minecraft:melon_seeds":2,"minecraft:glow_berries":5,"minecraft:mutton":1,"minecraft:string":2,"minecraft:white_wool":1,"minecraft:coal":51,"minecraft:rail":15,"minecraft:dirt":18,"minecraft:cobblestone":123},"minecraft:custom":{"minecraft:time_since_rest":2777,"minecraft:play_time":2777,"minecraft:damage_taken":98,"minecraft:walk_one_cm":354,"minecraft:jump":13,"minecraft:damage_dealt":10,"minecraft:leave_game":2,"minecraft:time_since_death":2777,"minecraft:walk_on_water_one_cm":282,"minecraft:total_world_time":2777}},"DataVersion":3953}