{"stats":{"minecraft:killed_by":{"minecraft:zombified_piglin":1,"minecraft:pillager":4,"minecraft:drowned":7,"minecraft:piglin":1,"minecraft:cave_spider":19,"minecraft:zombie":1,"minecraft:player":7},"minecraft:dropped":{"minecraft:iron_sword":2,"minecraft:cooked_beef":19,"minecraft:oak_log":54,"minecraft:cooked_porkchop":3,"minecraft:dark_oak_slab":2,"minecraft:crossbow":8,"travelersbackpack:standard":1,"minecraft:rail":1,"minecraft:sentry_armor_trim_smithing_template":2,"minecraft:cod":2,"minecraft:red_mushroom":16,"minecraft:flint":2,"minecraft:dirt":97,"minecraft:cooked_cod":1,"minecraft:iron_pickaxe":10,"minecraft:birch_log":64,"minecraft:white_wool":17,"minecraft:bone":3,"minecraft:gravel":17,"minecraft:stone_axe":1,"minecraft:sugar_cane":127,"minecraft:cobbled_deepslate":22,"minecraft:wheat":36,"minecraft:birch_sapling":13,"minecraft:obsidian":29,"minecraft:rotten_flesh":39,"minecraft:oak_planks":32,"minecraft:cooked_mutton":15,"minecraft:white_bed":3,"minecraft:poppy":192,"minecraft:gunpowder":3,"minecraft:dropper":3,"minecraft:quartz_block":50,"minecraft:jungle_log":24,"minecraft:birch_door":2,"minecraft:arrow":1,"minecraft:scaffolding":2,"minecraft:quartz":18,"minecraft:netherrack":29,"minecraft:enchanting_table":1,"minecraft:water_bucket":1,"minecraft:stone_hoe":1,"minecraft:iron_ingot":10,"minecraft:bread":8,"minecraft:wheat_seeds":2,"minecraft:golden_helmet":1,"minecraft:iron_helmet":2,"minecraft:oak_fence":9,"minecraft:feather":9,"minecraft:cobblestone":41,"minecraft:apple":3,"minecraft:coal":12,"minecraft:lava_bucket":1,"minecraft:torch":22,"minecraft:brown_wool":1,"minecraft:iron_leggings":5,"minecraft:white_banner":1,"minecraft:iron_axe":4,"minecraft:iron_shovel":3,"minecraft:bucket":1,"minecraft:redstone":47,"minecraft:furnace":1,"minecraft:stone_sword":1,"minecraft:stone_shovel":1,"minecraft:light_gray_wool":1,"minecraft:iron_boots":6,"minecraft:oak_sign":6,"minecraft:cobblestone_slab":24,"minecraft:shield":5,"minecraft:oak_button":18,"minecraft:diamond_chestplate":3,"minecraft:diamond_pickaxe":2,"minecraft:iron_chestplate":5,"minecraft:oak_sapling":14,"minecraft:birch_sign":1,"minecraft:bamboo":152,"minecraft:bow":7,"minecraft:wooden_pickaxe":2,"minecraft:black_wool":2},"minecraft:broken":{"minecraft:shears":1,"minecraft:iron_boots":1,"minecraft:stone_pickaxe":3,"minecraft:stone_axe":2,"minecraft:iron_sword":3,"minecraft:stone_shovel":6,"minecraft:wooden_pickaxe":1,"minecraft:shield":2,"minecraft:iron_axe":2,"minecraft:iron_pickaxe":8,"minecraft:iron_helmet":1},"minecraft:crafted":{"minecraft:black_dye":2,"minecraft:oak_planks":460,"minecraft:cobblestone_slab":1230,"minecraft:oak_sign":15,"minecraft:cooked_chicken":5,"minecraft:cobblestone_stairs":150,"minecraft:lever":1,"minecraft:bookshelf":27,"minecraft:cooked_mutton":78,"minecraft:quartz_block":23,"minecraft:glass":14,"minecraft:hopper":31,"minecraft:bow":1,"minecraft:iron_boots":6,"minecraft:chest":51,"minecraft:oak_button":18,"minecraft:birch_door":3,"minecraft:black_wool":2,"minecraft:stone_hoe":1,"minecraft:dropper":3,"minecraft:emerald":27,"minecraft:cooked_porkchop":19,"minecraft:crafting_table":5,"minecraft:jungle_boat":1,"travelersbackpack:standard":1,"minecraft:baked_potato":6,"minecraft:wooden_pickaxe":1,"minecraft:iron_helmet":8,"minecraft:birch_planks":156,"minecraft:campfire":25,"minecraft:dispenser":11,"minecraft:diamond_pickaxe":2,"minecraft:iron_chestplate":5,"minecraft:book":81,"minecraft:paper":447,"minecraft:charcoal":25,"minecraft:shield":5,"minecraft:stick":1068,"minecraft:iron_ingot":31,"minecraft:iron_pickaxe":11,"minecraft:iron_block":4,"minecraft:stone_sword":1,"minecraft:gold_ingot":118,"minecraft:shears":2,"minecraft:cobbled_deepslate_slab":648,"minecraft:redstone":18,"minecraft:stone_shovel":8,"minecraft:fishing_rod":1,"minecraft:furnace":2,"minecraft:piston":26,"minecraft:bone_meal":168,"minecraft:iron_axe":2,"minecraft:ladder":30,"minecraft:stone_pickaxe":4,"minecraft:golden_helmet":1,"minecraft:birch_sign":3,"minecraft:observer":16,"minecraft:cooked_beef":68,"minecraft:cooked_cod":6,"minecraft:crimson_planks":348,"travelersbackpack:backpack_tank":2,"minecraft:iron_sword":5,"minecraft:cooked_salmon":1,"travelersbackpack:black_sleeping_bag":1,"minecraft:bucket":10,"minecraft:stone_axe":4,"minecraft:enchanted_book":1,"minecraft:bread":41,"minecraft:air":0,"minecraft:jungle_planks":44,"minecraft:andesite_slab":18,"minecraft:iron_leggings":5,"minecraft:white_bed":2,"minecraft:torch":492,"minecraft:diorite_slab":258,"minecraft:granite_slab":24},"minecraft:mined":{"minecraft:white_bed":9,"minecraft:cobblestone_stairs":11,"minecraft:jungle_leaves":7,"minecraft:obsidian":119,"minecraft:carved_pumpkin":3,"minecraft:granite":18,"minecraft:grass_block":614,"minecraft:jungle_log":42,"minecraft:hopper":4,"minecraft:oak_wall_sign":22,"minecraft:weeping_vines_plant":2,"minecraft:tall_seagrass":1,"minecraft:iron_ore":53,"minecraft:cobbled_deepslate":14,"minecraft:fire":19,"minecraft:pumpkin":22,"minecraft:deepslate_lapis_ore":4,"minecraft:granite_slab":1,"minecraft:pointed_dripstone":1,"minecraft:oak_sign":2,"minecraft:dirt_path":7,"minecraft:birch_wall_sign":2,"minecraft:tripwire":2,"minecraft:deepslate_redstone_ore":84,"minecraft:crimson_nylium":3,"minecraft:torch":82,"minecraft:chest":7,"minecraft:glass":1,"minecraft:nether_quartz_ore":308,"minecraft:cobblestone":642,"minecraft:oak_planks":62,"minecraft:sugar_cane":108,"minecraft:wall_torch":38,"minecraft:seagrass":4,"minecraft:repeater":1,"minecraft:dark_oak_slab":1,"minecraft:nether_wart_block":5,"minecraft:birch_log":114,"minecraft:wheat":226,"minecraft:birch_door":1,"minecraft:warped_fungus":1,"minecraft:oak_log":302,"minecraft:beetroots":2,"minecraft:sand":83,"minecraft:dirt":1009,"minecraft:dispenser":2,"minecraft:netherrack":225,"minecraft:piston":29,"minecraft:oak_leaves":440,"minecraft:deepslate":157,"minecraft:nether_gold_ore":15,"minecraft:tuff":13,"minecraft:deepslate_diamond_ore":14,"minecraft:cobbled_deepslate_slab":129,"minecraft:lever":1,"minecraft:jungle_planks":3,"minecraft:redstone_wire":14,"minecraft:spruce_leaves":2,"minecraft:red_mushroom":16,"minecraft:crimson_stem":87,"minecraft:diorite_slab":9,"minecraft:redstone_ore":1,"minecraft:oak_trapdoor":8,"minecraft:furnace":5,"minecraft:carrots":28,"minecraft:andesite":42,"minecraft:cobblestone_slab":122,"minecraft:potatoes":5,"minecraft:deepslate_iron_ore":21,"minecraft:vine":5,"minecraft:rail":1,"minecraft:stone":1287,"minecraft:white_wool":1,"minecraft:scaffolding":7,"minecraft:basalt":1,"minecraft:observer":9,"minecraft:warped_fence":1,"minecraft:dandelion":1,"minecraft:oak_fence":13,"minecraft:crafting_table":13,"minecraft:cornflower":1,"minecraft:short_grass":37,"minecraft:rose_bush":5,"minecraft:andesite_slab":6,"minecraft:copper_ore":4,"minecraft:tall_grass":2,"minecraft:lapis_ore":4,"minecraft:deepslate_gold_ore":9,"minecraft:diorite":123,"minecraft:birch_planks":1,"minecraft:ice":6,"minecraft:spruce_log":54,"minecraft:birch_leaves":31,"minecraft:coal_ore":234,"minecraft:gravel":76,"minecraft:cobweb":4,"minecraft:fern":2},"minecraft:custom":{"minecraft:animals_bred":7,"minecraft:interact_with_crafting_table":228,"minecraft:open_barrel":2,"minecraft:bell_ring":16,"minecraft:leave_game":17,"minecraft:time_since_death":618317,"minecraft:sprint_one_cm":1731734,"minecraft:damage_blocked_by_shield":4858,"minecraft:drop":456,"minecraft:talked_to_villager":35,"minecraft:play_time":1587674,"minecraft:deaths":54,"minecraft:jump":9667,"minecraft:walk_on_water_one_cm":1030082,"minecraft:interact_with_furnace":196,"minecraft:traded_with_villager":28,"minecraft:sleep_in_bed":79,"minecraft:damage_dealt":49300,"minecraft:player_kills":5,"minecraft:crouch_one_cm":353834,"minecraft:use_cauldron":6,"minecraft:inspect_dispenser":36,"minecraft:inspect_dropper":4,"minecraft:interact_with_anvil":3,"minecraft:mob_kills":1442,"minecraft:inspect_hopper":67,"minecraft:climb_one_cm":282523,"minecraft:walk_one_cm":3037416,"minecraft:sneak_time":151180,"minecraft:walk_under_water_one_cm":694392,"minecraft:boat_one_cm":296064,"minecraft:total_world_time":1587674,"minecraft:raid_trigger":2,"minecraft:interact_with_stonecutter":3,"minecraft:interact_with_grindstone":3,"minecraft:time_since_rest":84745,"minecraft:damage_taken":26176,"minecraft:swim_one_cm":259535,"minecraft:fly_one_cm":912709,"minecraft:open_chest":1267,"minecraft:fish_caught":9,"minecraft:fall_one_cm":212011},"minecraft:used":{"minecraft:dispenser":12,"minecraft:oak_sign":51,"minecraft:ladder":17,"minecraft:chest":24,"minecraft:shield":173,"minecraft:iron_sword":899,"minecraft:rotten_flesh":1,"minecraft:iron_chestplate":26,"minecraft:jungle_planks":1,"minecraft:carrot":41,"minecraft:tuff":13,"minecraft:jungle_sapling":2,"minecraft:lava_bucket":3,"minecraft:birch_sapling":1,"minecraft:iron_helmet":18,"minecraft:repeater":37,"minecraft:bow":8,"minecraft:warped_fungus":1,"minecraft:scaffolding":34,"minecraft:ominous_bottle":1,"minecraft:oak_sapling":46,"minecraft:furnace":7,"minecraft:cooked_cod":6,"minecraft:beetroot_seeds":5,"minecraft:potato":18,"minecraft:diorite":141,"minecraft:leather_leggings":1,"minecraft:diamond_boots":9,"minecraft:dropper":1,"minecraft:oak_planks":105,"minecraft:stone_pickaxe":429,"minecraft:wooden_pickaxe":60,"minecraft:sugar_cane":51,"minecraft:jungle_boat":1,"minecraft:white_wool":2,"minecraft:sand":38,"minecraft:crossbow":7,"minecraft:shears":332,"minecraft:lever":6,"minecraft:melon_slice":32,"minecraft:string":4,"minecraft:bread":11,"minecraft:gravel":59,"minecraft:golden_helmet":2,"minecraft:granite_slab":25,"minecraft:andesite":98,"minecraft:oak_fence":2,"minecraft:diorite_slab":251,"minecraft:oak_boat":1,"minecraft:bone_meal":104,"minecraft:experience_bottle":3,"minecraft:oak_trapdoor":5,"minecraft:stone_sword":130,"minecraft:carved_pumpkin":1,"minecraft:stone_shovel":937,"minecraft:redstone":47,"minecraft:cooked_salmon":1,"minecraft:stone_hoe":38,"minecraft:cooked_chicken":1,"minecraft:netherrack":145,"minecraft:oak_door":1,"minecraft:torch":445,"minecraft:dirt":3800,"minecraft:hopper":35,"minecraft:diamond_helmet":2,"minecraft:granite":11,"minecraft:birch_door":2,"minecraft:bookshelf":27,"minecraft:iron_block":4,"minecraft:iron_axe":519,"minecraft:iron_boots":12,"minecraft:totem_of_undying":1,"minecraft:diamond_chestplate":7,"minecraft:goat_horn":10,"minecraft:pumpkin":3,"minecraft:cooked_beef":35,"minecraft:observer":25,"minecraft:cobbled_deepslate":59,"minecraft:iron_leggings":12,"minecraft:pointed_dripstone":1,"minecraft:wheat_seeds":241,"minecraft:cooked_mutton":54,"minecraft:water_bucket":546,"minecraft:cobblestone_stairs":151,"minecraft:birch_planks":1,"minecraft:baked_potato":6,"minecraft:andesite_slab":25,"minecraft:cobblestone_slab":1345,"minecraft:crafting_table":18,"minecraft:birch_sign":2,"minecraft:white_bed":11,"minecraft:campfire":25,"minecraft:piston":53,"minecraft:diamond_pickaxe":1320,"minecraft:apple":6,"minecraft:chicken":1,"minecraft:iron_pickaxe":1971,"minecraft:spruce_sapling":5,"minecraft:stone_axe":360,"minecraft:fishing_rod":19,"minecraft:cobblestone":2350,"minecraft:cobbled_deepslate_slab":768,"minecraft:white_banner":1,"minecraft:cooked_porkchop":6,"minecraft:bucket":565,"minecraft:diamond_leggings":5},"minecraft:killed":{"minecraft:cave_spider":216,"minecraft:zombified_piglin":8,"minecraft:spider":5,"minecraft:skeleton":8,"minecraft:chicken":5,"minecraft:piglin":1,"minecraft:pig":11,"minecraft:iron_golem":1,"minecraft:sheep":60,"minecraft:trader_llama":4,"minecraft:pillager":54,"minecraft:zombie":16,"minecraft:cow":21,"minecraft:drowned":1,"minecraft:wandering_trader":1,"minecraft:squid":2},"minecraft:picked_up":{"minecraft:birch_door":11,"minecraft:iron_chestplate":41,"minecraft:wheat":216,"minecraft:sentry_armor_trim_smithing_template":6,"minecraft:lead":10,"minecraft:diamond_sword":1,"travelersbackpack:emerald":1,"minecraft:string":920,"minecraft:raw_copper":15,"minecraft:cooked_salmon":1,"minecraft:iron_leggings":29,"minecraft:oak_sign":83,"minecraft:beetroot":2,"minecraft:diamond_leggings":12,"minecraft:gold_nugget":63,"minecraft:cobbled_deepslate":453,"minecraft:bucket":13,"minecraft:rose_bush":15,"minecraft:cobblestone_slab":3229,"minecraft:iron_pickaxe":63,"minecraft:iron_boots":32,"minecraft:furnace":6,"minecraft:golden_helmet":1,"minecraft:stick":234,"minecraft:oak_fence":20,"minecraft:torch":1833,"minecraft:porkchop":26,"minecraft:pointed_dripstone":1,"minecraft:diorite":1419,"minecraft:goat_horn":4,"minecraft:black_dye":14,"minecraft:quartz_block":48,"minecraft:stone_sword":1,"minecraft:rotten_flesh":65,"minecraft:carved_pumpkin":3,"minecraft:obsidian":130,"minecraft:cod":22,"minecraft:cobblestone":3974,"minecraft:birch_log":239,"minecraft:enchanting_table":1,"minecraft:feather":14,"minecraft:cooked_beef":153,"minecraft:repeater":12,"minecraft:water_bucket":60,"minecraft:andesite":251,"minecraft:jungle_log":42,"minecraft:brown_wool":3,"minecraft:potato":16,"minecraft:flint":30,"minecraft:tuff":13,"minecraft:lapis_lazuli":47,"minecraft:dirt":7244,"minecraft:glass":11,"minecraft:bone":14,"minecraft:bow":27,"minecraft:wheat_seeds":597,"minecraft:raw_gold":9,"minecraft:cobbled_deepslate_slab":1261,"minecraft:diamond_helmet":5,"minecraft:bamboo":152,"minecraft:stone_hoe":10,"minecraft:oak_planks":709,"minecraft:cooked_porkchop":1,"minecraft:dropper":3,"minecraft:sand":115,"minecraft:jungle_planks":947,"minecraft:granite_slab":1,"minecraft:ink_sac":2,"minecraft:iron_hoe":1,"minecraft:dispenser":12,"minecraft:diamond":16,"minecraft:lever":1,"minecraft:crossbow":17,"minecraft:granite":18,"minecraft:golden_apple":1,"minecraft:bread":6,"minecraft:oak_sapling":79,"minecraft:netherrack":221,"minecraft:oak_leaves":327,"minecraft:andesite_slab":3,"minecraft:diamond_pickaxe":18,"minecraft:fishing_rod":8,"minecraft:cocoa_beans":21,"minecraft:crafting_table":16,"minecraft:azure_bluet":4,"minecraft:chicken":5,"minecraft:wooden_pickaxe":2,"minecraft:diorite_slab":55,"minecraft:shield":36,"minecraft:cornflower":3,"minecraft:oak_trapdoor":6,"minecraft:iron_axe":34,"minecraft:iron_shovel":4,"minecraft:warped_fence":1,"minecraft:beef":61,"minecraft:oak_boat":1,"minecraft:observer":19,"minecraft:jungle_sapling":2,"minecraft:poppy":148,"minecraft:light_gray_wool":1,"minecraft:sugar_cane":659,"minecraft:chest":7,"minecraft:birch_sapling":15,"minecraft:piston":29,"minecraft:raw_iron":111,"minecraft:oak_door":1,"minecraft:carrot":93,"minecraft:redstone":573,"minecraft:stone_shovel":12,"minecraft:arrow":26,"minecraft:weeping_vines":2,"minecraft:diamond_chestplate":16,"minecraft:cooked_cod":3,"minecraft:beetroot_seeds":5,"minecraft:shears":1,"minecraft:diamond_boots":13,"minecraft:mutton":89,"minecraft:rail":2,"minecraft:white_wool":129,"minecraft:basalt":1,"minecraft:glow_ink_sac":6,"minecraft:tripwire_hook":8,"minecraft:crimson_stem":103,"minecraft:salmon":1,"minecraft:leather":61,"minecraft:red_mushroom":16,"minecraft:birch_planks":943,"minecraft:oak_log":301,"minecraft:golden_boots":1,"minecraft:nether_wart_block":5,"minecraft:gunpowder":11,"minecraft:cobblestone_stairs":23,"minecraft:white_banner":6,"minecraft:cooked_mutton":187,"minecraft:apple":15,"minecraft:iron_ingot":786,"minecraft:stone_pickaxe":1,"minecraft:iron_sword":34,"minecraft:scaffolding":38,"minecraft:warped_fungus":1,"minecraft:dark_oak_slab":2,"minecraft:pumpkin":262,"minecraft:quartz":333,"minecraft:dandelion":7,"minecraft:gravel":184,"minecraft:lava_bucket":8,"minecraft:spruce_sapling":5,"minecraft:white_bed":10,"minecraft:spruce_log":54,"minecraft:spider_eye":142,"minecraft:pumpkin_seeds":12,"minecraft:stone_axe":19,"minecraft:iron_helmet":24,"minecraft:birch_sign":8,"minecraft:gray_wool":9,"minecraft:black_wool":2,"minecraft:coal":563,"minecraft:hopper":4,"minecraft:sunflower":9}},"DataVersion":3953}