{"stats":{"minecraft:mined":{"minecraft:tuff":10,"minecraft:white_bed":4,"minecraft:granite":6,"minecraft:grass_block":375,"minecraft:stone_brick_wall":4,"minecraft:jungle_log":2,"minecraft:chiseled_stone_bricks":6,"minecraft:raw_iron_block":2,"minecraft:furnace":5,"minecraft:iron_ore":12,"minecraft:fire":7,"minecraft:andesite":17,"minecraft:pointed_dripstone":2,"minecraft:deepslate_iron_ore":4,"minecraft:dirt_path":11,"minecraft:stone":237,"minecraft:smoker":2,"minecraft:stone_brick_slab":14,"minecraft:dandelion":1,"minecraft:crafting_table":2,"minecraft:torch":6,"minecraft:short_grass":16,"minecraft:copper_ore":2,"minecraft:glass":4,"minecraft:cobblestone":4,"minecraft:oak_planks":19,"minecraft:wall_torch":4,"minecraft:birch_log":15,"minecraft:birch_leaves":7,"minecraft:stone_brick_stairs":50,"minecraft:oak_log":38,"minecraft:coal_ore":63,"minecraft:dripstone_block":2,"minecraft:gravel":3,"minecraft:sand":79,"minecraft:dirt":129,"minecraft:stone_bricks":48,"minecraft:deepslate":3,"minecraft:oak_leaves":27,"minecraft:fern":8},"minecraft:killed_by":{"minecraft:skeleton":1,"minecraft:zombie":1},"minecraft:dropped":{"minecraft:wheat_seeds":3,"minecraft:dripstone_block":1,"minecraft:string":2,"minecraft:dandelion":6,"minecraft:gravel":1,"minecraft:stone_axe":1,"minecraft:stone_sword":1,"minecraft:raw_copper":7,"minecraft:birch_sapling":1,"minecraft:pointed_dripstone":4,"minecraft:bow":1,"minecraft:stone_pickaxe":1},"minecraft:picked_up":{"minecraft:iron_chestplate":1,"minecraft:crafting_table":3,"minecraft:chicken":22,"minecraft:stone_brick_wall":10,"minecraft:enchanted_book":2,"minecraft:golden_shovel":1,"minecraft:stone_brick_stairs":51,"minecraft:string":10,"minecraft:raw_copper":14,"minecraft:iron_axe":1,"minecraft:flint_and_steel":1,"minecraft:iron_leggings":1,"minecraft:light_weighted_pressure_plate":1,"minecraft:beef":45,"minecraft:poppy":4,"minecraft:iron_pickaxe":1,"minecraft:birch_sapling":1,"minecraft:iron_boots":1,"minecraft:egg":2,"minecraft:furnace":5,"minecraft:raw_iron":32,"minecraft:stick":4,"minecraft:stone":162,"minecraft:torch":71,"minecraft:fire_charge":2,"minecraft:porkchop":6,"minecraft:pointed_dripstone":12,"minecraft:stone_sword":1,"minecraft:arrow":3,"minecraft:rotten_flesh":2,"minecraft:golden_hoe":1,"minecraft:mutton":14,"minecraft:obsidian":1,"minecraft:cobblestone":346,"minecraft:white_wool":7,"minecraft:birch_log":15,"minecraft:feather":30,"minecraft:cooked_beef":20,"minecraft:jungle_log":2,"minecraft:andesite":32,"minecraft:leather":34,"minecraft:smoker":3,"minecraft:birch_planks":35,"minecraft:flint":4,"minecraft:tuff":3,"minecraft:oak_log":39,"minecraft:dirt":590,"minecraft:cooked_mutton":6,"minecraft:glass":31,"minecraft:bone":5,"minecraft:stone_bricks":131,"minecraft:bow":2,"minecraft:wheat_seeds":14,"minecraft:iron_ingot":1,"minecraft:cooked_chicken":1,"minecraft:stone_pickaxe":2,"minecraft:stripped_oak_wood":1,"minecraft:iron_sword":1,"minecraft:oak_planks":71,"minecraft:chiseled_stone_bricks":26,"minecraft:stone_brick_slab":20,"minecraft:dandelion":9,"minecraft:dripstone_block":3,"minecraft:raw_iron_block":4,"minecraft:gravel":1,"minecraft:sand":79,"minecraft:white_bed":5,"minecraft:stone_axe":1,"minecraft:iron_helmet":1,"minecraft:granite":12,"minecraft:oak_sapling":2,"minecraft:black_wool":2,"minecraft:coal":168},"minecraft:used":{"minecraft:stone_sword":45,"minecraft:iron_shovel":502,"minecraft:oak_sign":1,"minecraft:iron_sword":31,"minecraft:cooked_chicken":1,"minecraft:torch":72,"minecraft:dirt":186,"minecraft:golden_shovel":32,"minecraft:tuff":3,"minecraft:glass":48,"minecraft:stone_brick_slab":452,"minecraft:iron_axe":60,"minecraft:stone_brick_stairs":237,"minecraft:stone_bricks":196,"minecraft:furnace":5,"minecraft:egg":2,"minecraft:cooked_beef":21,"minecraft:iron_leggings":1,"minecraft:cooked_mutton":6,"minecraft:water_bucket":10,"minecraft:birch_planks":1,"minecraft:stone_pickaxe":75,"minecraft:oak_planks":244,"minecraft:crafting_table":2,"minecraft:white_bed":5,"minecraft:dripstone_block":1,"minecraft:stone_brick_wall":80,"minecraft:smoker":2,"minecraft:oak_log":80,"minecraft:iron_pickaxe":439,"minecraft:stone_axe":30,"minecraft:chiseled_stone_bricks":180,"minecraft:cobblestone":95,"minecraft:bucket":19,"minecraft:andesite":2},"minecraft:crafted":{"minecraft:oak_planks":392,"minecraft:oak_sign":3,"minecraft:stone_brick_wall":18,"minecraft:furnace":1,"minecraft:stone":256,"minecraft:glass":79,"minecraft:stone_brick_slab":378,"minecraft:iron_boots":1,"minecraft:iron_axe":1,"minecraft:chiseled_stone_bricks":98,"minecraft:stone_bricks":476,"minecraft:smoker":1,"minecraft:cooked_beef":20,"minecraft:crafting_table":1,"minecraft:iron_helmet":1,"minecraft:iron_sword":1,"minecraft:birch_planks":44,"minecraft:stone_axe":1,"minecraft:air":0,"minecraft:jungle_planks":8,"minecraft:stone_brick_stairs":116,"minecraft:iron_chestplate":1,"minecraft:stick":32,"minecraft:iron_pickaxe":2,"minecraft:stone_sword":1,"minecraft:iron_shovel":2,"minecraft:iron_leggings":1,"minecraft:white_bed":1,"minecraft:torch":68},"minecraft:killed":{"minecraft:witch":1,"minecraft:spider":1,"minecraft:skeleton":2,"minecraft:chicken":11,"minecraft:pig":1,"minecraft:sheep":6,"minecraft:zombie":3,"minecraft:cow":16},"minecraft:custom":{"minecraft:mob_kills":41,"minecraft:interact_with_crafting_table":28,"minecraft:leave_game":4,"minecraft:time_since_death":2446,"minecraft:climb_one_cm":2867,"minecraft:sprint_one_cm":412824,"minecraft:walk_one_cm":298525,"minecraft:drop":13,"minecraft:play_time":217478,"minecraft:deaths":2,"minecraft:sneak_time":23003,"minecraft:walk_under_water_one_cm":3682,"minecraft:jump":3514,"minecraft:walk_on_water_one_cm":12600,"minecraft:total_world_time":217478,"minecraft:interact_with_furnace":93,"minecraft:sleep_in_bed":12,"minecraft:time_since_rest":2326,"minecraft:damage_taken":1944,"minecraft:damage_dealt":4314,"minecraft:swim_one_cm":40571,"minecraft:fly_one_cm":665868,"minecraft:open_chest":67,"minecraft:crouch_one_cm":86795,"minecraft:interact_with_smoker":8,"minecraft:use_cauldron":9,"minecraft:fall_one_cm":103552},"minecraft:broken":{"minecraft:iron_shovel":2,"minecraft:golden_shovel":1,"minecraft:iron_pickaxe":1}},"DataVersion":3839}