{"stats":{"minecraft:crafted":{"minecraft:cooked_porkchop":2,"minecraft:crafting_table":1,"minecraft:wooden_pickaxe":1,"minecraft:cooked_chicken":1,"minecraft:furnace":1,"minecraft:bucket":2,"minecraft:birch_planks":111,"minecraft:stone_axe":1,"minecraft:cooked_mutton":9,"minecraft:air":0,"minecraft:stick":4,"minecraft:stone_pickaxe":1,"minecraft:stone_sword":1,"minecraft:chest":2,"minecraft:white_bed":2},"minecraft:custom":{"minecraft:interact_with_furnace":12,"minecraft:mob_kills":19,"minecraft:interact_with_crafting_table":10,"minecraft:time_since_death":51797,"minecraft:sleep_in_bed":9,"minecraft:time_since_rest":4646,"minecraft:sprint_one_cm":57743,"minecraft:damage_taken":1026,"minecraft:walk_one_cm":293564,"minecraft:drop":11,"minecraft:damage_dealt":2699,"minecraft:swim_one_cm":51496,"minecraft:fly_one_cm":104555,"minecraft:open_chest":20,"minecraft:crouch_one_cm":479,"minecraft:play_time":51797,"minecraft:sneak_time":1063,"minecraft:walk_under_water_one_cm":19167,"minecraft:jump":809,"minecraft:walk_on_water_one_cm":21138,"minecraft:total_world_time":51797,"minecraft:fall_one_cm":15265},"minecraft:dropped":{"minecraft:iron_ingot":7,"minecraft:birch_planks":4,"minecraft:crafting_table":1,"minecraft:cooked_porkchop":2,"minecraft:leather":3,"minecraft:birch_log":4,"minecraft:white_wool":3},"minecraft:mined":{"minecraft:white_bed":5,"minecraft:kelp_plant":2,"minecraft:crafting_table":1,"minecraft:torch":2,"minecraft:short_grass":8,"minecraft:grass_block":6,"minecraft:crimson_roots":1,"minecraft:cobblestone":1,"minecraft:tall_grass":5,"minecraft:sugar_cane":6,"minecraft:kelp":2,"minecraft:crimson_stem":19,"minecraft:birch_planks":1,"minecraft:tall_seagrass":1,"minecraft:magma_block":4,"minecraft:furnace":1,"minecraft:birch_log":36,"minecraft:fire":2,"minecraft:birch_leaves":7,"minecraft:coal_ore":51,"minecraft:dirt":1,"minecraft:stone":31},"minecraft:used":{"minecraft:cooked_mutton":14,"minecraft:water_bucket":14,"minecraft:stone_sword":56,"minecraft:flint_and_steel":1,"minecraft:birch_planks":20,"minecraft:stone_pickaxe":87,"minecraft:chest":2,"minecraft:wooden_pickaxe":8,"minecraft:torch":2,"minecraft:dirt":1,"minecraft:crafting_table":2,"minecraft:white_bed":7,"minecraft:lava_bucket":12,"minecraft:stone_axe":71,"minecraft:cobblestone":3,"minecraft:magma_block":2,"minecraft:furnace":1,"minecraft:bucket":27,"minecraft:birch_log":4,"minecraft:golden_pickaxe":1},"minecraft:picked_up":{"minecraft:birch_log":44,"minecraft:magma_block":4,"minecraft:crafting_table":2,"minecraft:chicken":1,"minecraft:crimson_stem":18,"minecraft:leather":3,"minecraft:birch_planks":38,"minecraft:gunpowder":4,"minecraft:dirt":5,"minecraft:cooked_mutton":5,"minecraft:bone":1,"minecraft:kelp":1,"minecraft:wheat_seeds":1,"minecraft:iron_ingot":7,"minecraft:beef":4,"minecraft:sugar_cane":14,"minecraft:birch_sapling":2,"minecraft:furnace":1,"minecraft:stick":7,"minecraft:cooked_porkchop":1,"minecraft:torch":18,"minecraft:white_bed":5,"minecraft:arrow":3,"minecraft:rotten_flesh":7,"minecraft:mutton":13,"minecraft:coal":64,"minecraft:white_wool":12,"minecraft:cobblestone":29},"minecraft:killed":{"minecraft:creeper":1,"minecraft:sheep":9,"minecraft:skeleton":4,"minecraft:zombie":2,"minecraft:chicken":1,"minecraft:cow":2}},"DataVersion":3700}