{"stats":{"minecraft:dropped":{"minecraft:enchanted_book":1,"minecraft:birch_planks":3,"minecraft:diamond":1,"minecraft:crafting_table":1,"minecraft:cobblestone":123,"minecraft:glow_berries":5,"minecraft:chest_minecart":2,"minecraft:granite":24,"minecraft:activator_rail":5,"minecraft:rail":15,"minecraft:coal":51,"minecraft:golden_apple":1,"minecraft:dirt":18,"minecraft:diorite":10,"minecraft:ink_sac":2,"minecraft:torch":7,"minecraft:mutton":1,"minecraft:wooden_sword":1,"minecraft:sand":7,"minecraft:string":2,"minecraft:white_wool":1,"minecraft:gravel":3,"minecraft:stone_axe":1,"minecraft:detector_rail":6,"minecraft:stone_sword":1,"minecraft:cobbled_deepslate":7,"minecraft:raw_copper":3,"minecraft:raw_iron":39,"minecraft:stone_shovel":1,"minecraft:rotten_flesh":1,"minecraft:gunpowder":2,"minecraft:andesite":20,"minecraft:beetroot_seeds":2,"minecraft:melon_seeds":2,"minecraft:sandstone":4,"minecraft:arrow":2,"minecraft:stone_pickaxe":1,"minecraft:wooden_pickaxe":1},"minecraft:custom":{"minecraft:mob_kills":19,"minecraft:interact_with_crafting_table":21,"minecraft:leave_game":14,"minecraft:time_since_death":69010,"minecraft:sprint_one_cm":44881,"minecraft:walk_one_cm":349388,"minecraft:drop":44,"minecraft:play_time":109337,"minecraft:deaths":4,"minecraft:sneak_time":524,"minecraft:walk_under_water_one_cm":2893,"minecraft:jump":919,"minecraft:walk_on_water_one_cm":9048,"minecraft:total_world_time":109337,"minecraft:interact_with_furnace":6,"minecraft:time_since_rest":69041,"minecraft:damage_taken":1712,"minecraft:damage_dealt":3023,"minecraft:swim_one_cm":15228,"minecraft:fly_one_cm":76834,"minecraft:open_chest":2,"minecraft:crouch_one_cm":900,"minecraft:fall_one_cm":20392},"minecraft:mined":{"minecraft:tuff":1,"minecraft:deepslate_diamond_ore":11,"minecraft:granite":35,"minecraft:cave_vines_plant":1,"minecraft:sandstone":15,"minecraft:furnace":2,"minecraft:iron_ore":40,"minecraft:andesite":29,"minecraft:deepslate_iron_ore":10,"minecraft:rail":1,"minecraft:stone":256,"minecraft:deepslate_redstone_ore":4,"minecraft:crafting_table":12,"minecraft:torch":1,"minecraft:short_grass":2,"minecraft:chest":1,"minecraft:rose_bush":3,"minecraft:cobblestone":21,"minecraft:copper_ore":1,"minecraft:diorite":27,"minecraft:birch_log":42,"minecraft:birch_leaves":5,"minecraft:coal_ore":90,"minecraft:dirt":42,"minecraft:sand":33,"minecraft:gravel":8,"minecraft:deepslate":72},"minecraft:used":{"minecraft:oak_fence":2,"minecraft:rose_bush":3,"minecraft:stone_sword":32,"minecraft:stone_shovel":37,"minecraft:cooked_chicken":2,"minecraft:rotten_flesh":3,"minecraft:torch":75,"minecraft:dirt":12,"minecraft:golden_sword":25,"minecraft:furnace":3,"minecraft:golden_axe":19,"minecraft:golden_boots":1,"minecraft:stone_pickaxe":484,"minecraft:wooden_pickaxe":16,"minecraft:sandstone":2,"minecraft:sand":3,"minecraft:crafting_table":14,"minecraft:activator_rail":1,"minecraft:bread":6,"minecraft:iron_pickaxe":48,"minecraft:gravel":5,"minecraft:stone_axe":5,"minecraft:wooden_sword":20,"minecraft:cobblestone":42,"minecraft:golden_pickaxe":72},"minecraft:killed_by":{"minecraft:drowned":1,"minecraft:skeleton":1,"minecraft:zombie":1},"minecraft:crafted":{"minecraft:wooden_sword":1,"minecraft:stone_shovel":2,"minecraft:cooked_chicken":1,"minecraft:furnace":2,"minecraft:stone_pickaxe":6,"minecraft:crafting_table":5,"minecraft:wooden_pickaxe":3,"minecraft:birch_planks":144,"minecraft:stone_axe":3,"minecraft:air":0,"minecraft:stick":64,"minecraft:iron_pickaxe":1,"minecraft:stone_sword":1,"minecraft:torch":104},"minecraft:picked_up":{"minecraft:wooden_axe":1,"minecraft:crafting_table":12,"minecraft:chicken":2,"minecraft:chest_minecart":4,"minecraft:golden_pickaxe":1,"minecraft:wooden_pickaxe":2,"minecraft:enchanted_book":1,"minecraft:golden_sword":1,"minecraft:wooden_sword":1,"minecraft:string":19,"minecraft:raw_copper":6,"minecraft:activator_rail":6,"minecraft:detector_rail":12,"minecraft:cobbled_deepslate":79,"minecraft:light_weighted_pressure_plate":1,"minecraft:rose_bush":3,"minecraft:chest":1,"minecraft:birch_sapling":1,"minecraft:furnace":2,"minecraft:raw_iron":88,"minecraft:stick":2,"minecraft:sandstone":19,"minecraft:oak_fence":2,"minecraft:torch":9,"minecraft:porkchop":8,"minecraft:golden_axe":1,"minecraft:diorite":37,"minecraft:redstone":18,"minecraft:rotten_flesh":4,"minecraft:stone_sword":1,"minecraft:arrow":6,"minecraft:stone_shovel":1,"minecraft:beetroot_seeds":4,"minecraft:glow_berries":10,"minecraft:mutton":2,"minecraft:rail":30,"minecraft:white_wool":2,"minecraft:cobblestone":462,"minecraft:birch_log":42,"minecraft:feather":1,"minecraft:andesite":53,"minecraft:birch_planks":3,"minecraft:flint":3,"minecraft:tuff":1,"minecraft:golden_boots":1,"minecraft:gunpowder":4,"minecraft:dirt":60,"minecraft:bone":6,"minecraft:wheat_seeds":1,"minecraft:stone_pickaxe":1,"minecraft:cooked_chicken":1,"minecraft:oak_planks":2,"minecraft:gravel":11,"minecraft:sand":62,"minecraft:ink_sac":2,"minecraft:spider_eye":2,"minecraft:diamond":12,"minecraft:stone_axe":1,"minecraft:granite":60,"minecraft:golden_apple":2,"minecraft:bread":6,"minecraft:melon_seeds":2,"minecraft:coal":112},"minecraft:broken":{"minecraft:stone_pickaxe":3,"minecraft:golden_pickaxe":1},"minecraft:killed":{"minecraft:spider":4,"minecraft:skeleton":1,"minecraft:chicken":1,"minecraft:pig":4,"minecraft:creeper":1,"minecraft:sheep":1,"minecraft:zombie":7}},"DataVersion":3953}