{"stats":{"minecraft:crafted":{"minecraft:cooked_porkchop":2,"minecraft:stick":4,"minecraft:wooden_pickaxe":1,"minecraft:cooked_chicken":1,"minecraft:stone_pickaxe":1,"minecraft:stone_sword":1,"minecraft:furnace":1,"minecraft:white_bed":2,"minecraft:birch_planks":16,"minecraft:stone_axe":1,"minecraft:air":0,"minecraft:cooked_mutton":9},"minecraft:custom":{"minecraft:time_since_rest":7779,"minecraft:interact_with_furnace":12,"minecraft:sprint_one_cm":35499,"minecraft:damage_taken":896,"minecraft:walk_one_cm":90867,"minecraft:mob_kills":16,"minecraft:drop":7,"minecraft:damage_dealt":2459,"minecraft:swim_one_cm":14579,"minecraft:interact_with_crafting_table":7,"minecraft:fly_one_cm":79264,"minecraft:open_chest":7,"minecraft:crouch_one_cm":251,"minecraft:play_time":27797,"minecraft:sneak_time":620,"minecraft:walk_under_water_one_cm":9265,"minecraft:jump":581,"minecraft:time_since_death":27797,"minecraft:walk_on_water_one_cm":13400,"minecraft:sleep_in_bed":6,"minecraft:total_world_time":27797,"minecraft:fall_one_cm":11155},"minecraft:dropped":{"minecraft:birch_planks":3,"minecraft:crafting_table":1,"minecraft:cooked_porkchop":2,"minecraft:white_wool":3},"minecraft:mined":{"minecraft:magma_block":4,"minecraft:white_bed":3,"minecraft:furnace":1,"minecraft:kelp_plant":2,"minecraft:birch_log":36,"minecraft:birch_leaves":5,"minecraft:torch":2,"minecraft:crafting_table":1,"minecraft:short_grass":2,"minecraft:grass_block":2,"minecraft:coal_ore":51,"minecraft:dirt":1,"minecraft:stone":31,"minecraft:kelp":2,"minecraft:sugar_cane":6},"minecraft:used":{"minecraft:cooked_mutton":12,"minecraft:stone_sword":39,"minecraft:stone_pickaxe":86,"minecraft:wooden_pickaxe":8,"minecraft:stone_axe":49,"minecraft:torch":2,"minecraft:magma_block":2,"minecraft:crafting_table":1,"minecraft:furnace":1,"minecraft:birch_log":4,"minecraft:white_bed":4},"minecraft:picked_up":{"minecraft:crafting_table":2,"minecraft:birch_log":36,"minecraft:stick":7,"minecraft:magma_block":4,"minecraft:chicken":1,"minecraft:cooked_porkchop":1,"minecraft:leather":3,"minecraft:torch":18,"minecraft:birch_planks":35,"minecraft:white_bed":3,"minecraft:gunpowder":4,"minecraft:dirt":3,"minecraft:cooked_mutton":5,"minecraft:bone":1,"minecraft:arrow":3,"minecraft:rotten_flesh":7,"minecraft:kelp":1,"minecraft:wheat_seeds":1,"minecraft:beef":4,"minecraft:sugar_cane":14,"minecraft:birch_sapling":2,"minecraft:mutton":9,"minecraft:coal":64,"minecraft:white_wool":9,"minecraft:cobblestone":28,"minecraft:furnace":1},"minecraft:killed":{"minecraft:skeleton":4,"minecraft:sheep":6,"minecraft:zombie":2,"minecraft:chicken":1,"minecraft:creeper":1,"minecraft:cow":2}},"DataVersion":3700}