{"stats":{"minecraft:crafted":{"minecraft:cooked_porkchop":2,"minecraft:stick":4,"minecraft:wooden_pickaxe":1,"minecraft:cooked_chicken":1,"minecraft:stone_pickaxe":1,"minecraft:stone_sword":1,"minecraft:furnace":1,"minecraft:white_bed":1,"minecraft:birch_planks":16,"minecraft:stone_axe":1,"minecraft:air":0,"minecraft:cooked_mutton":9},"minecraft:custom":{"minecraft:time_since_rest":1842,"minecraft:interact_with_furnace":12,"minecraft:sprint_one_cm":14980,"minecraft:damage_taken":365,"minecraft:walk_one_cm":46340,"minecraft:mob_kills":11,"minecraft:drop":2,"minecraft:damage_dealt":1242,"minecraft:interact_with_crafting_table":5,"minecraft:fly_one_cm":27480,"minecraft:crouch_one_cm":251,"minecraft:play_time":15797,"minecraft:sneak_time":589,"minecraft:walk_under_water_one_cm":6020,"minecraft:jump":255,"minecraft:time_since_death":15797,"minecraft:walk_on_water_one_cm":3847,"minecraft:sleep_in_bed":4,"minecraft:total_world_time":15797,"minecraft:fall_one_cm":5446},"minecraft:dropped":{"minecraft:cooked_porkchop":2},"minecraft:mined":{"minecraft:magma_block":4,"minecraft:white_bed":1,"minecraft:birch_log":36,"minecraft:birch_leaves":5,"minecraft:short_grass":2,"minecraft:coal_ore":32,"minecraft:dirt":1,"minecraft:stone":29,"minecraft:sugar_cane":5},"minecraft:used":{"minecraft:cooked_mutton":4,"minecraft:stone_sword":14,"minecraft:stone_pickaxe":58,"minecraft:wooden_pickaxe":8,"minecraft:stone_axe":47,"minecraft:torch":2,"minecraft:magma_block":2,"minecraft:furnace":1,"minecraft:birch_log":4,"minecraft:white_bed":2},"minecraft:picked_up":{"minecraft:birch_log":36,"minecraft:stick":7,"minecraft:magma_block":4,"minecraft:chicken":1,"minecraft:cooked_porkchop":1,"minecraft:torch":16,"minecraft:birch_planks":32,"minecraft:white_bed":1,"minecraft:gunpowder":2,"minecraft:dirt":1,"minecraft:cooked_mutton":5,"minecraft:bone":1,"minecraft:arrow":3,"minecraft:wheat_seeds":1,"minecraft:sugar_cane":12,"minecraft:birch_sapling":2,"minecraft:mutton":9,"minecraft:coal":29,"minecraft:white_wool":6,"minecraft:cobblestone":26},"minecraft:killed":{"minecraft:skeleton":3,"minecraft:sheep":6,"minecraft:chicken":1,"minecraft:creeper":1}},"DataVersion":3700}