{"stats":{"minecraft:killed_by":{"minecraft:pillager":2,"minecraft:zombie":1,"minecraft:vex":17,"minecraft:ghast":1,"minecraft:zombified_piglin":4,"minecraft:creeper":1,"minecraft:cave_spider":13,"minecraft:player":5,"minecraft:skeleton":3},"minecraft:mined":{"minecraft:white_bed":63,"minecraft:jungle_leaves":2,"minecraft:carved_pumpkin":5,"minecraft:obsidian":26,"minecraft:granite":282,"minecraft:stone_brick_wall":58,"minecraft:jungle_log":50,"minecraft:oak_pressure_plate":1,"minecraft:hopper":34,"minecraft:oak_wall_sign":9,"minecraft:oxeye_daisy":1,"minecraft:chiseled_stone_bricks":191,"minecraft:tall_seagrass":3,"minecraft:magma_block":367,"minecraft:dark_oak_trapdoor":25,"minecraft:cobbled_deepslate":28,"minecraft:fire":22,"minecraft:barrel":8,"minecraft:fletching_table":1,"minecraft:enchanting_table":1,"minecraft:oak_sign":13,"minecraft:water_cauldron":4,"minecraft:dirt_path":167,"minecraft:oak_stairs":270,"minecraft:white_banner":3,"minecraft:iron_block":11,"minecraft:tripwire":2,"minecraft:jungle_trapdoor":1,"minecraft:brown_mushroom":2,"minecraft:kelp_plant":14,"minecraft:smoker":1,"minecraft:crimson_nylium":3,"minecraft:powder_snow":1,"minecraft:torch":37,"minecraft:blast_furnace":1,"minecraft:melon":10,"minecraft:glass":82,"minecraft:sugar_cane":5,"minecraft:white_terracotta":31,"minecraft:repeater":39,"minecraft:wheat":196,"minecraft:stone_brick_stairs":124,"minecraft:oak_fence_gate":16,"travelersbackpack:emerald":4,"minecraft:piston":13,"minecraft:deepslate":378,"minecraft:mossy_cobblestone":45,"minecraft:crafter":4,"minecraft:nether_bricks":58,"minecraft:dark_oak_fence":7,"minecraft:cobbled_deepslate_slab":11,"minecraft:jungle_planks":7,"minecraft:redstone_wire":102,"minecraft:red_mushroom":12,"minecraft:kelp":2,"minecraft:andesite":310,"minecraft:potatoes":4,"minecraft:cobblestone_slab":180,"minecraft:vine":9,"minecraft:rail":13,"minecraft:warped_stem":21,"minecraft:bamboo":55,"minecraft:oak_slab":46,"minecraft:redstone_block":10,"minecraft:glass_pane":19,"minecraft:comparator":3,"minecraft:stone_brick_slab":345,"minecraft:observer":25,"minecraft:dandelion":48,"minecraft:jungle_sign":1,"minecraft:cornflower":1,"minecraft:short_grass":619,"minecraft:campfire":4,"minecraft:tall_grass":165,"minecraft:copper_ore":43,"minecraft:diorite":615,"minecraft:warped_wart_block":2,"minecraft:cobblestone_wall":22,"minecraft:birch_leaves":10,"minecraft:sunflower":5,"minecraft:gravel":143,"minecraft:cobweb":70,"minecraft:oak_button":2,"minecraft:stone_bricks":462,"minecraft:fern":20,"minecraft:oak_sapling":20,"minecraft:farmland":50,"minecraft:warped_fence_gate":12,"minecraft:cobblestone_stairs":103,"minecraft:brewing_stand":2,"minecraft:grass_block":2880,"minecraft:composter":5,"minecraft:frosted_ice":9,"minecraft:smooth_stone":3,"minecraft:raw_iron_block":1,"minecraft:glowstone":20,"minecraft:iron_ore":23,"minecraft:anvil":1,"minecraft:azure_bluet":4,"minecraft:pointed_dripstone":14,"minecraft:jungle_door":4,"minecraft:quartz_block":23,"minecraft:blackstone":61,"minecraft:poppy":2,"minecraft:chest":234,"minecraft:mushroom_stem":4,"minecraft:nether_quartz_ore":18,"minecraft:cobblestone":4605,"minecraft:grindstone":1,"minecraft:oak_planks":754,"minecraft:wall_torch":45,"minecraft:cauldron":1,"minecraft:warped_nylium":9,"minecraft:powered_rail":18,"minecraft:birch_log":70,"minecraft:birch_trapdoor":20,"minecraft:stripped_oak_wood":7,"minecraft:smooth_stone_slab":7,"minecraft:oak_log":913,"minecraft:beetroots":2,"minecraft:sand":585,"minecraft:dirt":2578,"minecraft:netherrack":1597,"minecraft:ancient_debris":15,"minecraft:oak_leaves":543,"minecraft:redstone_lamp":2,"minecraft:nether_gold_ore":28,"minecraft:tuff":37,"minecraft:deepslate_diamond_ore":83,"minecraft:oak_door":6,"minecraft:glow_lichen":2,"minecraft:lever":16,"minecraft:ladder":49,"minecraft:brown_mushroom_block":45,"minecraft:sandstone":8,"minecraft:hay_block":15,"minecraft:diorite_slab":4,"minecraft:oak_trapdoor":81,"minecraft:furnace":35,"minecraft:carrots":7,"minecraft:nether_sprouts":1,"minecraft:bell":5,"minecraft:bookshelf":70,"minecraft:deepslate_iron_ore":2,"minecraft:shroomlight":1,"minecraft:stripped_oak_log":99,"minecraft:stone":5693,"minecraft:redstone_wall_torch":52,"minecraft:podzol":35,"minecraft:scaffolding":11,"minecraft:basalt":25,"minecraft:warped_fence":6,"travelersbackpack:standard":1,"minecraft:oak_fence":255,"minecraft:crafting_table":27,"minecraft:andesite_slab":16,"minecraft:lectern":61,"minecraft:stone_slab":21,"minecraft:birch_planks":24,"minecraft:redstone_torch":10,"minecraft:ice":18,"minecraft:yellow_bed":23,"minecraft:coal_ore":184,"minecraft:jungle_wall_sign":1,"minecraft:warped_slab":6},"minecraft:picked_up":{"minecraft:wooden_axe":3,"minecraft:birch_door":6,"minecraft:iron_chestplate":30,"minecraft:anvil":1,"minecraft:diamond_sword":10,"minecraft:lead":40,"minecraft:stone_slab":29,"minecraft:oak_stairs":269,"minecraft:enchanted_book":2,"minecraft:birch_button":3,"minecraft:brewing_stand":3,"minecraft:golden_sword":20,"minecraft:string":1238,"minecraft:dark_oak_trapdoor":31,"minecraft:shroomlight":1,"minecraft:beetroot":9,"minecraft:diamond_leggings":22,"minecraft:gold_nugget":344,"minecraft:cobbled_deepslate":761,"minecraft:warped_slab":6,"minecraft:melon_slice":236,"minecraft:golden_helmet":3,"minecraft:composter":9,"minecraft:cauldron":5,"minecraft:black_dye":2,"minecraft:iron_block":56,"minecraft:carved_pumpkin":18,"minecraft:glowstone":23,"minecraft:white_terracotta":31,"minecraft:blaze_rod":1,"minecraft:birch_log":332,"minecraft:magma_block":7276,"minecraft:feather":18,"minecraft:cooked_beef":1009,"minecraft:water_bucket":28,"minecraft:jungle_log":113,"minecraft:brown_wool":4,"minecraft:powder_snow_bucket":1,"minecraft:smoker":2,"minecraft:flint":47,"minecraft:diamond_helmet":10,"minecraft:glowstone_dust":73,"minecraft:warped_wart_block":3,"minecraft:ink_sac":3,"minecraft:barrel":5,"minecraft:iron_hoe":5,"minecraft:lever":26,"minecraft:granite":275,"minecraft:bread":13,"minecraft:dark_oak_fence":12,"minecraft:diamond_pickaxe":36,"minecraft:crafting_table":34,"minecraft:ominous_bottle":23,"minecraft:redstone_lamp":2,"minecraft:cornflower":8,"minecraft:jungle_trapdoor":1,"minecraft:flint_and_steel":7,"minecraft:netherite_scrap":45,"minecraft:iron_shovel":24,"minecraft:beef":88,"minecraft:jungle_sapling":4,"minecraft:iron_nugget":36,"minecraft:poppy":452,"minecraft:chest":236,"minecraft:birch_sapling":46,"minecraft:piston":306,"mvw:iron_scythe":1,"minecraft:egg":2,"minecraft:sandstone":24,"minecraft:stone":162,"minecraft:oak_door":19,"minecraft:fire_charge":3,"minecraft:carrot":78,"minecraft:redstone":602,"minecraft:jungle_sign":2,"minecraft:stone_shovel":13,"minecraft:diamond_chestplate":33,"minecraft:beetroot_seeds":25,"minecraft:shears":11,"minecraft:diamond_boots":18,"minecraft:hay_block":15,"minecraft:gold_ingot":254,"minecraft:totem_of_undying":31,"minecraft:mutton":59,"minecraft:white_wool":190,"minecraft:rail":25,"minecraft:oxeye_daisy":4,"minecraft:stripped_oak_log":97,"minecraft:birch_leaves":8,"minecraft:tripwire_hook":12,"minecraft:red_mushroom":140,"minecraft:crafter":4,"minecraft:filled_map":2,"minecraft:oak_log":1052,"minecraft:ancient_debris":15,"minecraft:golden_boots":3,"minecraft:paper":128,"minecraft:white_banner":192,"minecraft:apple":38,"minecraft:stone_bricks":502,"minecraft:kelp":334,"minecraft:warped_stem":20,"minecraft:stone_pickaxe":3,"minecraft:oak_fence_gate":37,"minecraft:glass_bottle":30,"minecraft:iron_sword":44,"minecraft:gravel":253,"minecraft:leather_helmet":1,"travelersbackpack:standard":2,"minecraft:diamond_shovel":11,"minecraft:stone_axe":9,"minecraft:diamond_axe":7,"minecraft:gray_wool":7,"minecraft:warped_roots":3,"minecraft:oak_button":45,"minecraft:warped_nylium":8,"minecraft:hopper":50,"minecraft:ender_pearl":1,"minecraft:wheat":380,"minecraft:redstone_block":31,"minecraft:sentry_armor_trim_smithing_template":12,"minecraft:potion":8,"minecraft:nether_brick":6,"minecraft:stone_brick_stairs":160,"travelersbackpack:emerald":4,"minecraft:raw_copper":300,"minecraft:smooth_stone_slab":34,"minecraft:iron_leggings":26,"minecraft:oak_sign":127,"minecraft:smooth_stone":373,"minecraft:comparator":10,"minecraft:bucket":30,"minecraft:rose_bush":25,"minecraft:redstone_torch":77,"minecraft:cobblestone_slab":4604,"minecraft:iron_pickaxe":29,"minecraft:iron_boots":21,"minecraft:furnace":36,"minecraft:stick":495,"minecraft:jungle_door":13,"minecraft:birch_trapdoor":42,"minecraft:oak_fence":331,"minecraft:torch":428,"minecraft:porkchop":30,"minecraft:pointed_dripstone":20,"minecraft:diorite":812,"minecraft:goat_horn":6,"minecraft:quartz_block":44,"minecraft:rotten_flesh":278,"minecraft:obsidian":319,"minecraft:cod":4,"minecraft:cobblestone":16680,"minecraft:enchanting_table":4,"minecraft:leather_chestplate":4,"minecraft:magma_cream":2,"minecraft:repeater":99,"minecraft:andesite":433,"minecraft:potato":58,"minecraft:tuff":83,"minecraft:lapis_lazuli":47,"minecraft:dirt":15859,"minecraft:glass":139,"minecraft:bone":35,"minecraft:bow":10,"minecraft:wheat_seeds":1063,"minecraft:cobbled_deepslate_slab":88,"minecraft:bell":9,"minecraft:grindstone":1,"minecraft:fletching_table":1,"minecraft:bamboo":1126,"minecraft:powered_rail":11,"minecraft:oak_planks":1704,"minecraft:stone_hoe":3,"minecraft:cooked_porkchop":11,"minecraft:oak_pressure_plate":2,"minecraft:sand":1039,"minecraft:jungle_planks":224,"minecraft:warped_fence_gate":48,"minecraft:spectral_arrow":64,"minecraft:mossy_cobblestone":47,"minecraft:sugar":11,"minecraft:diamond":227,"minecraft:crossbow":64,"minecraft:emerald":662,"minecraft:oak_sapling":190,"minecraft:netherrack":1979,"minecraft:andesite_slab":14,"minecraft:oak_leaves":194,"minecraft:cocoa_beans":21,"minecraft:fishing_rod":2,"minecraft:charcoal":80,"minecraft:azure_bluet":16,"minecraft:chicken":29,"minecraft:ladder":72,"minecraft:chest_minecart":1,"minecraft:brown_mushroom":13,"minecraft:wooden_pickaxe":3,"minecraft:diorite_slab":28,"minecraft:stone_brick_wall":58,"minecraft:shield":39,"minecraft:oak_trapdoor":202,"minecraft:iron_axe":59,"minecraft:item_frame":5,"minecraft:warped_fence":7,"minecraft:blackstone":105,"minecraft:oak_boat":10,"minecraft:observer":45,"minecraft:light_gray_wool":3,"minecraft:lectern":66,"minecraft:sugar_cane":69,"minecraft:raw_iron":46,"minecraft:stone_button":1,"minecraft:arrow":69,"minecraft:nether_bricks":58,"minecraft:saddle":6,"minecraft:jungle_boat":10,"minecraft:basalt":25,"minecraft:leather":88,"minecraft:birch_planks":919,"minecraft:yellow_bed":30,"minecraft:gunpowder":18,"minecraft:cobblestone_wall":426,"minecraft:cobblestone_stairs":119,"minecraft:cooked_mutton":143,"minecraft:coast_armor_trim_smithing_template":4,"minecraft:iron_ingot":1492,"minecraft:cooked_chicken":2,"minecraft:stripped_oak_wood":7,"minecraft:soul_sand":13,"minecraft:book":235,"minecraft:scaffolding":652,"minecraft:oak_slab":83,"minecraft:pumpkin":72,"minecraft:chiseled_stone_bricks":249,"minecraft:stone_brick_slab":353,"minecraft:quartz":260,"minecraft:dandelion":84,"minecraft:raw_iron_block":2,"minecraft:lava_bucket":15,"minecraft:white_bed":77,"minecraft:spider_eye":213,"minecraft:pumpkin_seeds":4,"minecraft:iron_helmet":8,"minecraft:black_wool":4,"minecraft:coal":4525,"minecraft:sunflower":12},"minecraft:broken":{"minecraft:golden_boots":1,"minecraft:diamond_helmet":2,"minecraft:iron_boots":1,"minecraft:iron_chestplate":1,"minecraft:iron_leggings":2,"minecraft:golden_sword":1,"minecraft:diamond_pickaxe":6,"minecraft:iron_sword":4,"minecraft:diamond_leggings":2,"minecraft:shield":4,"minecraft:iron_axe":9,"minecraft:iron_pickaxe":26,"minecraft:golden_helmet":1,"minecraft:iron_shovel":19,"minecraft:golden_shovel":1,"minecraft:stone_pickaxe":1,"minecraft:diamond_boots":1,"minecraft:stone_axe":3,"minecraft:stone_shovel":6,"minecraft:diamond_axe":1},"minecraft:used":{"minecraft:beetroot":1,"minecraft:ladder":121,"minecraft:chest":445,"minecraft:stone":32,"minecraft:rotten_flesh":26,"minecraft:soul_sand":1,"minecraft:crafter":4,"travelersbackpack:emerald":40,"minecraft:lava_bucket":50,"minecraft:villager_spawn_egg":7,"minecraft:quartz_block":23,"minecraft:stone_brick_stairs":187,"minecraft:ominous_bottle":28,"minecraft:oak_sapling":115,"minecraft:furnace":55,"minecraft:egg":2,"minecraft:diorite":198,"minecraft:powered_rail":36,"minecraft:blackstone":17,"minecraft:leather_chestplate":1,"minecraft:wooden_pickaxe":7,"minecraft:composter":2,"minecraft:jungle_boat":9,"minecraft:oak_leaves":54,"minecraft:dark_oak_trapdoor":85,"minecraft:sand":285,"minecraft:stone_button":1,"minecraft:lectern":65,"minecraft:diamond_sword":1165,"minecraft:birch_log":20,"minecraft:oak_boat":14,"minecraft:diorite_slab":5,"minecraft:oak_trapdoor":89,"minecraft:enchanting_table":2,"minecraft:carved_pumpkin":6,"minecraft:netherrack":180,"minecraft:torch":261,"minecraft:brewing_stand":1,"minecraft:anvil":4,"minecraft:golden_shovel":39,"minecraft:jungle_trapdoor":2,"minecraft:oak_fence_gate":16,"minecraft:iron_block":27,"minecraft:iron_axe":2038,"minecraft:warped_fence":21,"minecraft:totem_of_undying":20,"minecraft:barrel":12,"minecraft:bamboo":63,"minecraft:diamond_chestplate":12,"minecraft:basalt":16,"minecraft:beef":4,"minecraft:goat_horn":16,"minecraft:cobbled_deepslate":86,"minecraft:observer":57,"minecraft:pointed_dripstone":17,"minecraft:wheat_seeds":192,"minecraft:water_bucket":142,"minecraft:birch_planks":24,"minecraft:cauldron":7,"minecraft:fletching_table":4,"minecraft:mossy_cobblestone":1,"minecraft:rail":57,"minecraft:comparator":42,"minecraft:crafting_table":41,"minecraft:oak_slab":44,"minecraft:birch_sign":2,"minecraft:white_bed":61,"minecraft:campfire":4,"minecraft:cod":2,"minecraft:oak_log":185,"minecraft:diamond_pickaxe":9724,"minecraft:diamond_shovel":1347,"minecraft:oak_button":7,"minecraft:iron_pickaxe":6696,"minecraft:chiseled_stone_bricks":162,"travelersbackpack:standard":20,"minecraft:cobblestone":4620,"minecraft:potion":1,"minecraft:cooked_porkchop":24,"minecraft:warped_fence_gate":12,"minecraft:repeating_command_block":1,"minecraft:stripped_oak_log":32,"minecraft:kelp":124,"minecraft:diamond_leggings":8,"minecraft:iron_shovel":4837,"minecraft:oak_sign":38,"minecraft:shield":563,"minecraft:iron_sword":1814,"minecraft:bell":3,"minecraft:iron_chestplate":13,"minecraft:mutton":1,"minecraft:jungle_planks":13,"minecraft:nether_bricks":25,"minecraft:carrot":23,"minecraft:tuff":3,"minecraft:obsidian":30,"minecraft:milk_bucket":2,"minecraft:glass":396,"minecraft:iron_helmet":5,"minecraft:hopper_minecart":2,"minecraft:stone_bricks":1920,"minecraft:item_frame":8,"minecraft:golden_sword":1,"minecraft:birch_button":2,"minecraft:birch_trapdoor":22,"minecraft:repeater":113,"minecraft:redstone_lamp":5,"minecraft:magma_block":3040,"minecraft:hay_block":3,"minecraft:scaffolding":112,"minecraft:golden_boots":5,"minecraft:diamond_boots":8,"minecraft:birch_leaves":4,"minecraft:stone_pickaxe":150,"minecraft:oak_planks":538,"minecraft:ender_pearl":1,"travelersbackpack:iron_golem":1,"minecraft:redstone_block":16,"minecraft:sugar_cane":104,"minecraft:diamond_axe":1656,"minecraft:mushroom_stew":1,"minecraft:crossbow":16,"minecraft:stone_brick_wall":58,"minecraft:shears":123,"minecraft:redstone_torch":109,"minecraft:lever":37,"minecraft:melon_slice":19,"minecraft:bread":74,"mvw:iron_scythe":39,"minecraft:warped_slab":18,"minecraft:gravel":26,"minecraft:golden_helmet":2,"minecraft:jungle_sign":15,"minecraft:grindstone":1,"minecraft:andesite":142,"minecraft:smooth_stone_slab":131,"minecraft:chest_minecart":6,"minecraft:bone_meal":12,"minecraft:oak_fence":65,"minecraft:flint_and_steel":11,"minecraft:stone_shovel":907,"minecraft:redstone":297,"minecraft:stone_hoe":14,"minecraft:cooked_chicken":9,"minecraft:oak_door":1,"minecraft:dirt":3804,"minecraft:hopper":232,"minecraft:cobblestone_wall":160,"minecraft:diamond_helmet":3,"minecraft:granite":10,"minecraft:iron_hoe":242,"minecraft:stone_brick_slab":453,"minecraft:wooden_axe":18,"minecraft:bookshelf":70,"minecraft:oak_stairs":1,"minecraft:iron_boots":8,"minecraft:cooked_beef":174,"minecraft:enchanted_golden_apple":2,"minecraft:turtle_egg":9,"minecraft:powder_snow_bucket":9,"minecraft:iron_leggings":6,"minecraft:cooked_mutton":88,"minecraft:cobblestone_stairs":136,"travelersbackpack:villager":4,"minecraft:glass_bottle":3,"minecraft:andesite_slab":21,"minecraft:birch_boat":3,"minecraft:stonecutter":1,"minecraft:cobblestone_slab":1431,"minecraft:piston":148,"minecraft:apple":15,"minecraft:command_block":1,"minecraft:stone_slab":23,"minecraft:stone_axe":297,"minecraft:white_banner":15,"minecraft:jungle_door":4,"minecraft:bucket":205,"minecraft:yellow_bed":17,"minecraft:splash_potion":2,"minecraft:smooth_stone":13},"minecraft:custom":{"minecraft:interact_with_crafting_table":544,"minecraft:open_barrel":74,"minecraft:bell_ring":136,"minecraft:leave_game":89,"minecraft:time_since_death":1069322,"minecraft:damage_blocked_by_shield":15098,"minecraft:play_time":3659811,"minecraft:deaths":74,"minecraft:jump":34486,"minecraft:interact_with_furnace":477,"minecraft:traded_with_villager":135,"minecraft:sleep_in_bed":184,"minecraft:damage_dealt":164840,"minecraft:use_cauldron":26,"minecraft:inspect_dispenser":2,"minecraft:horse_one_cm":1869,"minecraft:inspect_dropper":1,"minecraft:interact_with_anvil":12,"minecraft:inspect_hopper":280,"minecraft:sneak_time":282810,"minecraft:total_world_time":3659811,"minecraft:interact_with_stonecutter":16,"minecraft:time_since_rest":9542,"minecraft:swim_one_cm":270742,"minecraft:fly_one_cm":5715588,"minecraft:open_chest":2355,"minecraft:fall_one_cm":943183,"minecraft:animals_bred":28,"minecraft:damage_resisted":23,"minecraft:sprint_one_cm":2472997,"minecraft:drop":722,"minecraft:talked_to_villager":185,"minecraft:interact_with_brewingstand":13,"minecraft:walk_on_water_one_cm":1270043,"minecraft:player_kills":7,"minecraft:crouch_one_cm":831692,"minecraft:mob_kills":4328,"minecraft:fill_cauldron":6,"minecraft:climb_one_cm":619366,"minecraft:walk_one_cm":9800426,"minecraft:raid_win":6,"minecraft:walk_under_water_one_cm":1509322,"minecraft:boat_one_cm":172872,"minecraft:raid_trigger":31,"minecraft:interact_with_grindstone":2,"minecraft:damage_taken":65600,"minecraft:damage_absorbed":575},"minecraft:crafted":{"minecraft:oak_sign":25,"minecraft:blaze_powder":2,"minecraft:birch_boat":3,"minecraft:birch_slab":6,"minecraft:diamond_shovel":1,"minecraft:lever":11,"minecraft:bookshelf":69,"minecraft:cooked_mutton":99,"minecraft:glass":125,"minecraft:diamond_helmet":2,"minecraft:repeater":76,"minecraft:diamond_leggings":3,"minecraft:name_tag":12,"minecraft:glass_bottle":3,"minecraft:redstone_lamp":4,"minecraft:emerald":41,"minecraft:cooked_porkchop":18,"minecraft:diamond_axe":2,"minecraft:jungle_boat":1,"travelersbackpack:standard":1,"minecraft:chest_minecart":4,"minecraft:fletching_table":3,"minecraft:hay_block":1,"minecraft:campfire":4,"travelersbackpack:emerald":2,"minecraft:stone_brick_stairs":100,"minecraft:crafter":1,"minecraft:stone_slab":12,"minecraft:iron_pickaxe":25,"minecraft:iron_block":25,"minecraft:gold_ingot":146,"minecraft:composter":1,"minecraft:jungle_sign":9,"minecraft:stone_shovel":7,"minecraft:smooth_stone_slab":132,"minecraft:bone_meal":21,"travelersbackpack:white_sleeping_bag":1,"minecraft:ladder":78,"minecraft:stone_pickaxe":2,"minecraft:diamond_boots":3,"minecraft:redstone_block":6,"minecraft:dark_oak_planks":296,"minecraft:wheat":117,"minecraft:enchanting_table":1,"minecraft:glowstone":14,"minecraft:enchanted_book":12,"minecraft:oak_fence_gate":21,"minecraft:golden_apple":2,"minecraft:andesite_slab":6,"minecraft:fermented_spider_eye":2,"minecraft:wooden_axe":1,"minecraft:birch_trapdoor":18,"mvw:iron_scythe":1,"minecraft:iron_shovel":19,"minecraft:iron_leggings":2,"minecraft:white_bed":2,"minecraft:oak_planks":4284,"minecraft:cobblestone_slab":918,"minecraft:barrel":4,"minecraft:cooked_chicken":8,"minecraft:cobblestone_stairs":60,"minecraft:stone":833,"minecraft:warped_planks":80,"minecraft:hopper":187,"minecraft:stone_brick_slab":438,"minecraft:bow":10,"minecraft:iron_boots":2,"minecraft:comparator":32,"minecraft:chest":408,"minecraft:oak_button":67,"minecraft:rail":64,"minecraft:birch_button":1,"minecraft:stone_bricks":1784,"minecraft:oak_fence":57,"minecraft:golden_boots":2,"minecraft:dropper":1,"minecraft:oak_slab":54,"minecraft:item_frame":5,"minecraft:cauldron":2,"minecraft:crafting_table":16,"minecraft:wooden_pickaxe":1,"minecraft:iron_helmet":1,"minecraft:hopper_minecart":2,"minecraft:birch_planks":384,"minecraft:iron_chestplate":2,"minecraft:diamond_pickaxe":5,"minecraft:charcoal":22,"minecraft:shield":6,"minecraft:warped_fence_gate":12,"minecraft:stick":1289,"minecraft:warped_slab":12,"minecraft:iron_ingot":12,"minecraft:redstone_torch":299,"minecraft:shears":4,"minecraft:oak_door":3,"minecraft:tripwire_hook":2,"minecraft:furnace":22,"minecraft:stone_button":1,"minecraft:piston":8,"minecraft:dark_oak_trapdoor":42,"minecraft:jungle_trapdoor":2,"travelersbackpack:villager":1,"minecraft:oak_trapdoor":72,"minecraft:flint_and_steel":1,"minecraft:scaffolding":378,"minecraft:warped_fence":15,"minecraft:iron_axe":10,"minecraft:iron_hoe":2,"minecraft:cobblestone_wall":144,"minecraft:birch_sign":3,"minecraft:minecart":6,"minecraft:observer":32,"minecraft:cooked_beef":98,"minecraft:sugar":2,"minecraft:diamond_sword":1,"travelersbackpack:backpack_tank":2,"minecraft:powered_rail":18,"minecraft:iron_sword":7,"minecraft:bucket":17,"minecraft:stone_axe":3,"minecraft:air":0,"minecraft:bread":61,"minecraft:jungle_planks":208,"minecraft:oak_boat":4,"minecraft:jungle_door":3,"minecraft:white_wool":2,"minecraft:stonecutter":1,"minecraft:anvil":3,"minecraft:torch":108,"minecraft:trapped_chest":1,"minecraft:diamond_chestplate":3},"minecraft:killed":{"minecraft:cave_spider":192,"minecraft:skeleton":14,"minecraft:chicken":10,"minecraft:skeleton_horse":1,"minecraft:magma_cube":1,"minecraft:iron_golem":19,"minecraft:pillager":872,"minecraft:zombie":33,"minecraft:cow":33,"minecraft:evoker":49,"minecraft:vindicator":285,"minecraft:wandering_trader":3,"minecraft:ravager":6,"minecraft:enderman":3,"minecraft:witch":74,"minecraft:zombified_piglin":1,"minecraft:spider":8,"minecraft:piglin":4,"minecraft:pig":9,"minecraft:creeper":6,"minecraft:sheep":31,"minecraft:trader_llama":7,"minecraft:blaze":1,"minecraft:vex":21,"minecraft:squid":1,"minecraft:villager":16},"minecraft:dropped":{"minecraft:iron_sword":1,"minecraft:piston":60,"minecraft:cooked_beef":17,"minecraft:glass_bottle":1,"minecraft:diamond":2,"minecraft:cooked_porkchop":1,"minecraft:crossbow":11,"minecraft:rail":9,"minecraft:dirt":2198,"minecraft:iron_pickaxe":9,"minecraft:white_wool":1,"minecraft:diorite_slab":11,"minecraft:stone_axe":3,"minecraft:sugar_cane":629,"minecraft:cooked_chicken":1,"minecraft:cobbled_deepslate":5,"minecraft:wheat":15,"minecraft:obsidian":1,"minecraft:rotten_flesh":47,"minecraft:oak_planks":124,"minecraft:azure_bluet":3,"minecraft:charcoal":1,"minecraft:quartz_block":21,"minecraft:hopper":1,"minecraft:glass":4,"minecraft:iron_ingot":119,"minecraft:wheat_seeds":12,"minecraft:cobblestone":1927,"minecraft:oak_fence":76,"minecraft:iron_helmet":3,"minecraft:apple":9,"minecraft:coal":16,"minecraft:golden_apple":1,"minecraft:lava_bucket":1,"minecraft:wooden_axe":1,"minecraft:diamond_helmet":1,"minecraft:white_banner":2,"minecraft:iron_shovel":4,"minecraft:string":43,"minecraft:cocoa_beans":3,"minecraft:bowl":1,"minecraft:stone_shovel":1,"minecraft:iron_boots":3,"minecraft:stone_slab":8,"minecraft:cobbled_deepslate_slab":64,"minecraft:diamond_ore":25,"minecraft:oak_sign":9,"travelersbackpack:emerald":1,"minecraft:diamond_sword":4,"minecraft:cobblestone_slab":253,"minecraft:stone":129,"minecraft:powder_snow_bucket":1,"minecraft:diamond_pickaxe":8,"minecraft:yellow_bed":1,"minecraft:redstone_torch":2,"minecraft:stone_bricks":55,"minecraft:bamboo":162,"minecraft:bow":19,"minecraft:magma_block":215,"minecraft:birch_planks":46,"minecraft:oak_log":28,"minecraft:leather":5,"minecraft:jungle_planks":59,"minecraft:cobblestone_stairs":3,"minecraft:cornflower":1,"minecraft:warped_fence_gate":12,"minecraft:birch_log":64,"minecraft:gold_ingot":25,"minecraft:gravel":4,"minecraft:andesite_slab":2,"minecraft:cooked_mutton":26,"minecraft:mushroom_stem":1,"minecraft:leather_chestplate":1,"minecraft:gunpowder":3,"minecraft:birch_door":2,"minecraft:chest":1,"minecraft:quartz":60,"minecraft:enchanting_table":1,"minecraft:water_bucket":8,"minecraft:bread":5,"minecraft:diamond_leggings":1,"minecraft:spectral_arrow":1,"minecraft:stick":30,"minecraft:diorite":133,"minecraft:torch":51,"minecraft:repeater":1,"minecraft:jungle_door":6,"minecraft:iron_leggings":1,"minecraft:iron_axe":2,"minecraft:tripwire_hook":1,"minecraft:bucket":13,"minecraft:dandelion":2,"minecraft:warped_nylium":2,"minecraft:villager_spawn_egg":1,"minecraft:flint_and_steel":1,"minecraft:shield":3,"minecraft:diamond_chestplate":2,"minecraft:iron_chestplate":3,"minecraft:andesite":59,"minecraft:diamond_boots":1,"minecraft:stone_pickaxe":2,"minecraft:wooden_pickaxe":1}},"DataVersion":3953}