{"stats":{"minecraft:mined":{"minecraft:furnace":1,"minecraft:birch_log":24,"minecraft:andesite":1,"minecraft:birch_leaves":1,"minecraft:torch":1,"minecraft:crafting_table":6,"minecraft:coal_ore":27,"minecraft:rose_bush":3,"minecraft:sand":23,"minecraft:stone":72,"minecraft:diorite":17,"minecraft:sandstone":9},"minecraft:crafted":{"minecraft:crafting_table":2,"minecraft:stick":16,"minecraft:wooden_pickaxe":1,"minecraft:cooked_chicken":1,"minecraft:stone_pickaxe":2,"minecraft:furnace":1,"minecraft:torch":4,"minecraft:birch_planks":72,"minecraft:stone_axe":1,"minecraft:air":0},"minecraft:picked_up":{"minecraft:birch_log":24,"minecraft:stick":2,"minecraft:crafting_table":6,"minecraft:sandstone":9,"minecraft:feather":1,"minecraft:chicken":2,"minecraft:andesite":1,"minecraft:golden_pickaxe":1,"minecraft:torch":1,"minecraft:wooden_pickaxe":1,"minecraft:flint":3,"minecraft:sand":45,"minecraft:golden_axe":1,"minecraft:diorite":17,"minecraft:golden_boots":1,"minecraft:ink_sac":2,"minecraft:golden_sword":1,"minecraft:spider_eye":1,"minecraft:string":3,"minecraft:rotten_flesh":3,"minecraft:light_weighted_pressure_plate":1,"minecraft:cooked_chicken":1,"minecraft:rose_bush":3,"minecraft:coal":45,"minecraft:birch_sapling":1,"minecraft:cobblestone":127,"minecraft:furnace":1},"minecraft:killed_by":{"minecraft:drowned":1,"minecraft:zombie":1},"minecraft:dropped":{"minecraft:ink_sac":2},"minecraft:used":{"minecraft:golden_boots":1,"minecraft:rose_bush":3,"minecraft:stone_pickaxe":55,"minecraft:cooked_chicken":1,"minecraft:rotten_flesh":1,"minecraft:torch":3,"minecraft:stone_axe":1,"minecraft:golden_sword":17,"minecraft:cobblestone":1,"minecraft:crafting_table":6,"minecraft:furnace":1,"minecraft:golden_pickaxe":72,"minecraft:golden_axe":17},"minecraft:custom":{"minecraft:time_since_rest":9839,"minecraft:interact_with_furnace":3,"minecraft:sprint_one_cm":10980,"minecraft:damage_taken":847,"minecraft:walk_one_cm":72881,"minecraft:mob_kills":6,"minecraft:drop":2,"minecraft:damage_dealt":643,"minecraft:interact_with_crafting_table":7,"minecraft:swim_one_cm":4856,"minecraft:fly_one_cm":24144,"minecraft:open_chest":1,"minecraft:crouch_one_cm":70,"minecraft:play_time":22549,"minecraft:deaths":2,"minecraft:sneak_time":157,"minecraft:walk_under_water_one_cm":543,"minecraft:jump":209,"minecraft:leave_game":3,"minecraft:time_since_death":9808,"minecraft:walk_on_water_one_cm":2711,"minecraft:total_world_time":22549,"minecraft:fall_one_cm":4410},"minecraft:killed":{"minecraft:zombie":4,"minecraft:chicken":1,"minecraft:spider":1},"minecraft:broken":{"minecraft:golden_pickaxe":1}},"DataVersion":3953}