{"stats":{"minecraft:mined":{"minecraft:deepslate_redstone_ore":4,"minecraft:tuff":1,"minecraft:deepslate_diamond_ore":11,"minecraft:crafting_table":11,"minecraft:torch":1,"minecraft:granite":15,"minecraft:short_grass":2,"minecraft:chest":1,"minecraft:rose_bush":3,"minecraft:cobblestone":17,"minecraft:diorite":17,"minecraft:sandstone":15,"minecraft:furnace":2,"minecraft:birch_log":42,"minecraft:iron_ore":5,"minecraft:andesite":13,"minecraft:birch_leaves":5,"minecraft:coal_ore":27,"minecraft:deepslate_iron_ore":6,"minecraft:sand":33,"minecraft:dirt":24,"minecraft:stone":149,"minecraft:deepslate":65},"minecraft:crafted":{"minecraft:wooden_sword":1,"minecraft:stone_shovel":1,"minecraft:crafting_table":4,"minecraft:wooden_pickaxe":3,"minecraft:cooked_chicken":1,"minecraft:furnace":1,"minecraft:birch_planks":144,"minecraft:stone_axe":3,"minecraft:air":0,"minecraft:stick":48,"minecraft:iron_pickaxe":1,"minecraft:stone_pickaxe":4,"minecraft:stone_sword":1,"minecraft:torch":48},"minecraft:picked_up":{"minecraft:birch_log":42,"minecraft:crafting_table":11,"minecraft:feather":1,"minecraft:chicken":2,"minecraft:andesite":13,"minecraft:golden_pickaxe":1,"minecraft:wooden_pickaxe":1,"minecraft:flint":3,"minecraft:tuff":1,"minecraft:golden_boots":1,"minecraft:golden_sword":1,"minecraft:dirt":24,"minecraft:string":15,"minecraft:bone":6,"minecraft:wheat_seeds":1,"minecraft:cobbled_deepslate":65,"minecraft:light_weighted_pressure_plate":1,"minecraft:cooked_chicken":1,"minecraft:rose_bush":3,"minecraft:chest":1,"minecraft:birch_sapling":1,"minecraft:furnace":2,"minecraft:stick":2,"minecraft:raw_iron":10,"minecraft:sandstone":15,"minecraft:torch":1,"minecraft:porkchop":8,"minecraft:sand":55,"minecraft:golden_axe":1,"minecraft:ink_sac":2,"minecraft:diorite":17,"minecraft:redstone":18,"minecraft:spider_eye":2,"minecraft:arrow":2,"minecraft:rotten_flesh":3,"minecraft:diamond":11,"minecraft:granite":15,"minecraft:mutton":1,"minecraft:coal":45,"minecraft:white_wool":1,"minecraft:cobblestone":220,"minecraft:wooden_axe":1},"minecraft:killed_by":{"minecraft:skeleton":1,"minecraft:zombie":1,"minecraft:drowned":1},"minecraft:dropped":{"minecraft:ink_sac":2},"minecraft:used":{"minecraft:golden_boots":1,"minecraft:rose_bush":3,"minecraft:stone_shovel":14,"minecraft:stone_pickaxe":214,"minecraft:wooden_pickaxe":16,"minecraft:sandstone":2,"minecraft:cooked_chicken":2,"minecraft:rotten_flesh":3,"minecraft:torch":25,"minecraft:dirt":12,"minecraft:sand":3,"minecraft:crafting_table":12,"minecraft:iron_pickaxe":48,"minecraft:stone_axe":4,"minecraft:wooden_sword":20,"minecraft:golden_sword":25,"minecraft:cobblestone":23,"minecraft:furnace":2,"minecraft:golden_axe":19,"minecraft:golden_pickaxe":72},"minecraft:custom":{"minecraft:interact_with_furnace":4,"minecraft:mob_kills":13,"minecraft:interact_with_crafting_table":16,"minecraft:leave_game":4,"minecraft:time_since_death":7885,"minecraft:time_since_rest":7916,"minecraft:sprint_one_cm":34413,"minecraft:damage_taken":1255,"minecraft:walk_one_cm":162093,"minecraft:drop":2,"minecraft:damage_dealt":1503,"minecraft:swim_one_cm":4856,"minecraft:fly_one_cm":73436,"minecraft:open_chest":2,"minecraft:crouch_one_cm":899,"minecraft:play_time":48212,"minecraft:deaths":4,"minecraft:sneak_time":491,"minecraft:walk_under_water_one_cm":543,"minecraft:jump":599,"minecraft:walk_on_water_one_cm":3757,"minecraft:total_world_time":48212,"minecraft:fall_one_cm":15876},"minecraft:killed":{"minecraft:pig":4,"minecraft:spider":3,"minecraft:sheep":1,"minecraft:zombie":4,"minecraft:chicken":1},"minecraft:broken":{"minecraft:stone_pickaxe":1,"minecraft:golden_pickaxe":1}},"DataVersion":3953}