{"stats":{"minecraft:crafted":{"minecraft:crimson_planks":88,"minecraft:stone_shovel":1,"minecraft:cooked_porkchop":2,"minecraft:crafting_table":2,"minecraft:wooden_pickaxe":1,"minecraft:cooked_chicken":1,"minecraft:furnace":1,"minecraft:bucket":2,"minecraft:birch_planks":111,"minecraft:stone_axe":1,"minecraft:cooked_mutton":9,"minecraft:air":0,"minecraft:stick":20,"minecraft:iron_ingot":3,"minecraft:iron_pickaxe":1,"minecraft:stone_pickaxe":3,"minecraft:stone_sword":1,"minecraft:chest":2,"minecraft:iron_shovel":1,"minecraft:white_bed":2,"minecraft:torch":40},"minecraft:custom":{"minecraft:interact_with_furnace":15,"minecraft:mob_kills":22,"minecraft:interact_with_crafting_table":17,"minecraft:time_since_death":69797,"minecraft:sleep_in_bed":10,"minecraft:climb_one_cm":176,"minecraft:time_since_rest":3721,"minecraft:sprint_one_cm":63146,"minecraft:damage_taken":1173,"minecraft:walk_one_cm":356115,"minecraft:drop":11,"minecraft:damage_dealt":3439,"minecraft:swim_one_cm":51496,"minecraft:fly_one_cm":115308,"minecraft:open_chest":30,"minecraft:crouch_one_cm":4997,"minecraft:play_time":69797,"minecraft:sneak_time":2253,"minecraft:walk_under_water_one_cm":19167,"minecraft:jump":1134,"minecraft:walk_on_water_one_cm":21138,"minecraft:total_world_time":69797,"minecraft:fall_one_cm":17535},"minecraft:dropped":{"minecraft:iron_ingot":7,"minecraft:birch_planks":4,"minecraft:crafting_table":1,"minecraft:cooked_porkchop":2,"minecraft:leather":3,"minecraft:birch_log":4,"minecraft:white_wool":3},"minecraft:broken":{"minecraft:stone_pickaxe":2,"minecraft:golden_pickaxe":1},"minecraft:mined":{"minecraft:white_bed":5,"minecraft:deepslate_diamond_ore":2,"minecraft:kelp_plant":2,"minecraft:crimson_nylium":1,"minecraft:crafting_table":2,"minecraft:torch":2,"minecraft:granite":15,"minecraft:short_grass":11,"minecraft:grass_block":8,"minecraft:crimson_roots":1,"minecraft:weeping_vines":1,"minecraft:nether_quartz_ore":2,"minecraft:cobblestone":3,"minecraft:tall_grass":5,"minecraft:sugar_cane":6,"minecraft:kelp":2,"minecraft:diorite":19,"minecraft:crimson_stem":22,"minecraft:birch_planks":1,"minecraft:tall_seagrass":1,"minecraft:magma_block":4,"minecraft:furnace":1,"minecraft:birch_log":36,"minecraft:fire":2,"minecraft:andesite":11,"minecraft:birch_leaves":7,"minecraft:coal_ore":51,"minecraft:deepslate_iron_ore":25,"minecraft:gravel":9,"minecraft:dirt":21,"minecraft:crimson_planks":8,"minecraft:stone":179,"minecraft:netherrack":8,"minecraft:deepslate":33},"minecraft:used":{"minecraft:cooked_mutton":14,"minecraft:water_bucket":14,"minecraft:stone_sword":74,"minecraft:flint_and_steel":1,"minecraft:birch_planks":20,"minecraft:stone_shovel":31,"minecraft:stone_pickaxe":300,"minecraft:chest":2,"minecraft:wooden_pickaxe":8,"minecraft:torch":2,"minecraft:dirt":1,"minecraft:crafting_table":3,"minecraft:white_bed":7,"minecraft:lava_bucket":12,"minecraft:iron_pickaxe":23,"minecraft:crimson_planks":39,"minecraft:stone_axe":84,"minecraft:cobblestone":9,"minecraft:magma_block":2,"minecraft:furnace":2,"minecraft:andesite":2,"minecraft:bucket":27,"minecraft:birch_log":4,"minecraft:golden_pickaxe":32},"minecraft:picked_up":{"minecraft:birch_log":44,"minecraft:magma_block":4,"minecraft:crafting_table":3,"minecraft:chicken":1,"minecraft:crimson_stem":22,"minecraft:andesite":11,"minecraft:leather":4,"minecraft:birch_planks":38,"minecraft:flint":1,"minecraft:crimson_planks":8,"minecraft:gunpowder":4,"minecraft:dirt":27,"minecraft:cooked_mutton":5,"minecraft:bone":3,"minecraft:kelp":1,"minecraft:wheat_seeds":1,"minecraft:cobbled_deepslate":33,"minecraft:iron_ingot":7,"minecraft:beef":4,"minecraft:sugar_cane":14,"minecraft:birch_sapling":2,"minecraft:furnace":1,"minecraft:raw_iron":25,"minecraft:stick":7,"minecraft:cooked_porkchop":1,"minecraft:torch":18,"minecraft:quartz":2,"minecraft:gravel":8,"minecraft:porkchop":3,"minecraft:diorite":19,"minecraft:white_bed":5,"minecraft:arrow":4,"minecraft:rotten_flesh":7,"minecraft:diamond":2,"minecraft:granite":15,"minecraft:netherrack":9,"minecraft:mutton":13,"minecraft:coal":64,"minecraft:white_wool":12,"minecraft:cobblestone":179},"minecraft:killed":{"minecraft:spider":1,"minecraft:hoglin":1,"minecraft:creeper":1,"minecraft:sheep":9,"minecraft:skeleton":5,"minecraft:zombie":2,"minecraft:chicken":1,"minecraft:cow":2}},"DataVersion":3700}