{"stats":{"minecraft:crafted":{"minecraft:cooked_porkchop":2,"minecraft:wooden_pickaxe":1,"minecraft:cooked_chicken":1,"minecraft:furnace":1,"minecraft:birch_planks":16,"minecraft:stone_axe":1,"minecraft:cooked_mutton":9,"minecraft:air":0,"minecraft:stick":4,"minecraft:stone_pickaxe":1,"minecraft:stone_sword":1,"minecraft:white_bed":2},"minecraft:custom":{"minecraft:interact_with_furnace":12,"minecraft:mob_kills":16,"minecraft:interact_with_crafting_table":7,"minecraft:time_since_death":39797,"minecraft:sleep_in_bed":8,"minecraft:time_since_rest":6270,"minecraft:sprint_one_cm":46351,"minecraft:damage_taken":976,"minecraft:walk_one_cm":209608,"minecraft:drop":8,"minecraft:damage_dealt":2459,"minecraft:swim_one_cm":51496,"minecraft:fly_one_cm":86373,"minecraft:open_chest":12,"minecraft:crouch_one_cm":318,"minecraft:play_time":39797,"minecraft:sneak_time":1028,"minecraft:walk_under_water_one_cm":18871,"minecraft:jump":624,"minecraft:walk_on_water_one_cm":20438,"minecraft:total_world_time":39797,"minecraft:fall_one_cm":11782},"minecraft:dropped":{"minecraft:birch_planks":3,"minecraft:crafting_table":1,"minecraft:cooked_porkchop":2,"minecraft:leather":3,"minecraft:white_wool":3},"minecraft:mined":{"minecraft:white_bed":5,"minecraft:kelp_plant":2,"minecraft:crafting_table":1,"minecraft:torch":2,"minecraft:short_grass":2,"minecraft:grass_block":2,"minecraft:sugar_cane":6,"minecraft:kelp":2,"minecraft:tall_seagrass":1,"minecraft:magma_block":4,"minecraft:furnace":1,"minecraft:birch_log":36,"minecraft:birch_leaves":5,"minecraft:coal_ore":51,"minecraft:dirt":1,"minecraft:stone":31},"minecraft:used":{"minecraft:cooked_mutton":14,"minecraft:stone_sword":40,"minecraft:birch_planks":3,"minecraft:stone_pickaxe":86,"minecraft:wooden_pickaxe":8,"minecraft:torch":2,"minecraft:crafting_table":1,"minecraft:white_bed":6,"minecraft:stone_axe":49,"minecraft:cobblestone":3,"minecraft:magma_block":2,"minecraft:furnace":1,"minecraft:birch_log":4,"minecraft:golden_pickaxe":1},"minecraft:picked_up":{"minecraft:birch_log":36,"minecraft:magma_block":4,"minecraft:crafting_table":2,"minecraft:chicken":1,"minecraft:leather":3,"minecraft:birch_planks":35,"minecraft:gunpowder":4,"minecraft:dirt":3,"minecraft:cooked_mutton":5,"minecraft:bone":1,"minecraft:kelp":1,"minecraft:wheat_seeds":1,"minecraft:beef":4,"minecraft:sugar_cane":14,"minecraft:birch_sapling":2,"minecraft:furnace":1,"minecraft:stick":7,"minecraft:cooked_porkchop":1,"minecraft:torch":18,"minecraft:white_bed":5,"minecraft:arrow":3,"minecraft:rotten_flesh":7,"minecraft:mutton":9,"minecraft:coal":64,"minecraft:white_wool":9,"minecraft:cobblestone":28},"minecraft:killed":{"minecraft:creeper":1,"minecraft:sheep":6,"minecraft:skeleton":4,"minecraft:zombie":2,"minecraft:chicken":1,"minecraft:cow":2}},"DataVersion":3700}