{"stats":{"minecraft:mined":{"minecraft:deepslate_redstone_ore":4,"minecraft:tuff":1,"minecraft:deepslate_diamond_ore":11,"minecraft:crafting_table":7,"minecraft:torch":1,"minecraft:granite":12,"minecraft:chest":1,"minecraft:rose_bush":3,"minecraft:cobblestone":16,"minecraft:diorite":17,"minecraft:sandstone":9,"minecraft:furnace":2,"minecraft:birch_log":24,"minecraft:birch_leaves":1,"minecraft:andesite":13,"minecraft:coal_ore":27,"minecraft:deepslate_iron_ore":6,"minecraft:sand":23,"minecraft:dirt":24,"minecraft:stone":92,"minecraft:deepslate":65},"minecraft:crafted":{"minecraft:stone_shovel":1,"minecraft:crafting_table":2,"minecraft:cooked_chicken":1,"minecraft:wooden_pickaxe":1,"minecraft:furnace":1,"minecraft:birch_planks":72,"minecraft:stone_axe":1,"minecraft:air":0,"minecraft:stick":24,"minecraft:iron_pickaxe":1,"minecraft:stone_pickaxe":2,"minecraft:torch":48},"minecraft:picked_up":{"minecraft:birch_log":24,"minecraft:crafting_table":7,"minecraft:feather":1,"minecraft:chicken":2,"minecraft:andesite":13,"minecraft:golden_pickaxe":1,"minecraft:wooden_pickaxe":1,"minecraft:flint":3,"minecraft:tuff":1,"minecraft:golden_boots":1,"minecraft:golden_sword":1,"minecraft:string":15,"minecraft:dirt":24,"minecraft:bone":5,"minecraft:cobbled_deepslate":65,"minecraft:light_weighted_pressure_plate":1,"minecraft:cooked_chicken":1,"minecraft:rose_bush":3,"minecraft:chest":1,"minecraft:birch_sapling":1,"minecraft:furnace":2,"minecraft:stick":2,"minecraft:raw_iron":6,"minecraft:sandstone":9,"minecraft:torch":1,"minecraft:sand":45,"minecraft:golden_axe":1,"minecraft:ink_sac":2,"minecraft:diorite":17,"minecraft:redstone":18,"minecraft:spider_eye":2,"minecraft:rotten_flesh":3,"minecraft:diamond":11,"minecraft:granite":12,"minecraft:coal":45,"minecraft:cobblestone":163},"minecraft:killed_by":{"minecraft:zombie":1,"minecraft:drowned":1},"minecraft:dropped":{"minecraft:ink_sac":2},"minecraft:used":{"minecraft:golden_boots":1,"minecraft:rose_bush":3,"minecraft:stone_shovel":14,"minecraft:stone_pickaxe":157,"minecraft:cooked_chicken":2,"minecraft:rotten_flesh":3,"minecraft:torch":25,"minecraft:dirt":12,"minecraft:crafting_table":8,"minecraft:iron_pickaxe":48,"minecraft:stone_axe":1,"minecraft:golden_sword":25,"minecraft:cobblestone":19,"minecraft:furnace":2,"minecraft:golden_axe":19,"minecraft:golden_pickaxe":72},"minecraft:custom":{"minecraft:interact_with_furnace":4,"minecraft:mob_kills":8,"minecraft:interact_with_crafting_table":9,"minecraft:leave_game":4,"minecraft:time_since_death":0,"minecraft:time_since_rest":81,"minecraft:sprint_one_cm":15607,"minecraft:damage_taken":987,"minecraft:walk_one_cm":131356,"minecraft:drop":2,"minecraft:damage_dealt":993,"minecraft:swim_one_cm":4856,"minecraft:fly_one_cm":35255,"minecraft:open_chest":2,"minecraft:crouch_one_cm":880,"minecraft:play_time":36261,"minecraft:deaths":3,"minecraft:sneak_time":481,"minecraft:walk_under_water_one_cm":543,"minecraft:jump":354,"minecraft:walk_on_water_one_cm":2711,"minecraft:total_world_time":36261,"minecraft:fall_one_cm":7967},"minecraft:killed":{"minecraft:spider":3,"minecraft:zombie":4,"minecraft:chicken":1},"minecraft:broken":{"minecraft:stone_pickaxe":1,"minecraft:golden_pickaxe":1}},"DataVersion":3953}