{"stats":{"minecraft:mined":{"minecraft:deepslate_redstone_ore":4,"minecraft:tuff":1,"minecraft:deepslate_diamond_ore":11,"minecraft:cave_vines_plant":1,"minecraft:crafting_table":12,"minecraft:torch":1,"minecraft:granite":35,"minecraft:short_grass":2,"minecraft:chest":1,"minecraft:rose_bush":3,"minecraft:copper_ore":1,"minecraft:cobblestone":19,"minecraft:diorite":27,"minecraft:sandstone":15,"minecraft:furnace":2,"minecraft:birch_log":42,"minecraft:iron_ore":40,"minecraft:andesite":29,"minecraft:birch_leaves":5,"minecraft:coal_ore":90,"minecraft:deepslate_iron_ore":10,"minecraft:rail":1,"minecraft:gravel":7,"minecraft:sand":33,"minecraft:dirt":42,"minecraft:stone":256,"minecraft:deepslate":66},"minecraft:crafted":{"minecraft:wooden_sword":1,"minecraft:stone_shovel":2,"minecraft:crafting_table":5,"minecraft:wooden_pickaxe":3,"minecraft:cooked_chicken":1,"minecraft:furnace":2,"minecraft:birch_planks":144,"minecraft:stone_axe":3,"minecraft:air":0,"minecraft:stick":64,"minecraft:iron_pickaxe":1,"minecraft:stone_pickaxe":6,"minecraft:stone_sword":1,"minecraft:torch":104},"minecraft:picked_up":{"minecraft:birch_log":42,"minecraft:crafting_table":12,"minecraft:feather":1,"minecraft:chicken":2,"minecraft:chest_minecart":2,"minecraft:andesite":33,"minecraft:golden_pickaxe":1,"minecraft:wooden_pickaxe":1,"minecraft:flint":3,"minecraft:tuff":1,"minecraft:golden_boots":1,"minecraft:golden_sword":1,"minecraft:gunpowder":2,"minecraft:dirt":42,"minecraft:string":17,"minecraft:raw_copper":3,"minecraft:bone":6,"minecraft:activator_rail":6,"minecraft:wheat_seeds":1,"minecraft:detector_rail":6,"minecraft:cobbled_deepslate":66,"minecraft:light_weighted_pressure_plate":1,"minecraft:cooked_chicken":1,"minecraft:rose_bush":3,"minecraft:chest":1,"minecraft:birch_sapling":1,"minecraft:oak_planks":2,"minecraft:furnace":2,"minecraft:stick":2,"minecraft:raw_iron":49,"minecraft:sandstone":15,"minecraft:oak_fence":2,"minecraft:torch":2,"minecraft:gravel":7,"minecraft:porkchop":8,"minecraft:sand":55,"minecraft:golden_axe":1,"minecraft:ink_sac":2,"minecraft:diorite":27,"minecraft:redstone":18,"minecraft:spider_eye":2,"minecraft:arrow":4,"minecraft:rotten_flesh":4,"minecraft:diamond":11,"minecraft:beetroot_seeds":2,"minecraft:granite":36,"minecraft:golden_apple":1,"minecraft:bread":6,"minecraft:melon_seeds":2,"minecraft:glow_berries":5,"minecraft:mutton":1,"minecraft:coal":112,"minecraft:rail":15,"minecraft:white_wool":1,"minecraft:cobblestone":337,"minecraft:wooden_axe":1},"minecraft:killed_by":{"minecraft:skeleton":1,"minecraft:zombie":1,"minecraft:drowned":1},"minecraft:dropped":{"minecraft:crafting_table":1,"minecraft:rotten_flesh":1,"minecraft:activator_rail":5,"minecraft:ink_sac":2},"minecraft:used":{"minecraft:golden_boots":1,"minecraft:oak_fence":2,"minecraft:rose_bush":3,"minecraft:stone_sword":32,"minecraft:stone_shovel":37,"minecraft:stone_pickaxe":475,"minecraft:wooden_pickaxe":16,"minecraft:sandstone":2,"minecraft:cooked_chicken":2,"minecraft:rotten_flesh":3,"minecraft:torch":75,"minecraft:dirt":12,"minecraft:sand":3,"minecraft:crafting_table":14,"minecraft:activator_rail":1,"minecraft:bread":6,"minecraft:iron_pickaxe":48,"minecraft:gravel":4,"minecraft:stone_axe":5,"minecraft:wooden_sword":20,"minecraft:golden_sword":25,"minecraft:cobblestone":36,"minecraft:furnace":3,"minecraft:golden_axe":19,"minecraft:golden_pickaxe":72},"minecraft:custom":{"minecraft:interact_with_furnace":6,"minecraft:mob_kills":19,"minecraft:interact_with_crafting_table":21,"minecraft:leave_game":5,"minecraft:time_since_death":41063,"minecraft:time_since_rest":41094,"minecraft:sprint_one_cm":44881,"minecraft:damage_taken":1662,"minecraft:walk_one_cm":342023,"minecraft:drop":7,"minecraft:damage_dealt":2895,"minecraft:swim_one_cm":15228,"minecraft:fly_one_cm":76795,"minecraft:open_chest":2,"minecraft:crouch_one_cm":900,"minecraft:play_time":81390,"minecraft:deaths":4,"minecraft:sneak_time":524,"minecraft:walk_under_water_one_cm":2893,"minecraft:jump":905,"minecraft:walk_on_water_one_cm":9048,"minecraft:total_world_time":81390,"minecraft:fall_one_cm":19733},"minecraft:killed":{"minecraft:pig":4,"minecraft:spider":4,"minecraft:creeper":1,"minecraft:skeleton":1,"minecraft:sheep":1,"minecraft:zombie":7,"minecraft:chicken":1},"minecraft:broken":{"minecraft:stone_pickaxe":3,"minecraft:golden_pickaxe":1}},"DataVersion":3953}