{"stats":{"minecraft:crafted":{"minecraft:smooth_stone":3,"minecraft:stone_shovel":1,"minecraft:smooth_stone_slab":6,"minecraft:cooked_chicken":1,"minecraft:furnace":2,"minecraft:stone":6,"minecraft:cooked_mutton":11,"minecraft:stone_pickaxe":3,"minecraft:chest":2,"minecraft:crimson_planks":88,"minecraft:cooked_porkchop":2,"minecraft:crafting_table":2,"minecraft:wooden_pickaxe":1,"minecraft:birch_planks":111,"minecraft:bucket":2,"minecraft:stone_axe":1,"minecraft:air":0,"minecraft:shield":1,"minecraft:stick":28,"minecraft:stone_slab":6,"minecraft:iron_ingot":26,"minecraft:iron_pickaxe":1,"minecraft:stone_sword":1,"minecraft:iron_shovel":1,"minecraft:armor_stand":1,"minecraft:white_bed":2,"minecraft:torch":40},"minecraft:custom":{"minecraft:mob_kills":26,"minecraft:interact_with_crafting_table":25,"minecraft:time_since_death":2840,"minecraft:climb_one_cm":176,"minecraft:sprint_one_cm":87009,"minecraft:walk_one_cm":439016,"minecraft:damage_blocked_by_shield":486,"minecraft:drop":12,"minecraft:play_time":93797,"minecraft:deaths":2,"minecraft:sneak_time":2422,"minecraft:walk_under_water_one_cm":19238,"minecraft:jump":1675,"minecraft:walk_on_water_one_cm":23475,"minecraft:total_world_time":93797,"minecraft:interact_with_furnace":33,"minecraft:sleep_in_bed":10,"minecraft:time_since_rest":2871,"minecraft:damage_taken":1818,"minecraft:damage_dealt":4180,"minecraft:swim_one_cm":51496,"minecraft:fly_one_cm":148864,"minecraft:open_chest":40,"minecraft:crouch_one_cm":5001,"minecraft:fall_one_cm":28399},"minecraft:dropped":{"minecraft:iron_ingot":7,"minecraft:birch_planks":4,"minecraft:crafting_table":1,"minecraft:cooked_porkchop":2,"minecraft:leather":3,"minecraft:birch_log":4,"minecraft:white_wool":3,"minecraft:leather_boots":1},"minecraft:killed_by":{"minecraft:creeper":1,"minecraft:zombie":1},"minecraft:broken":{"minecraft:stone_pickaxe":2,"minecraft:golden_pickaxe":1},"minecraft:mined":{"minecraft:tuff":4,"minecraft:white_bed":5,"minecraft:deepslate_diamond_ore":15,"minecraft:granite":15,"minecraft:grass_block":8,"minecraft:crimson_roots":1,"minecraft:weeping_vines":1,"minecraft:kelp":2,"minecraft:crimson_stem":22,"minecraft:tall_seagrass":1,"minecraft:magma_block":4,"minecraft:furnace":1,"minecraft:fire":2,"minecraft:andesite":11,"minecraft:deepslate_iron_ore":69,"minecraft:stone":180,"minecraft:deepslate_redstone_ore":9,"minecraft:kelp_plant":2,"minecraft:crimson_nylium":1,"minecraft:crafting_table":2,"minecraft:torch":6,"minecraft:short_grass":11,"minecraft:tall_grass":5,"minecraft:nether_quartz_ore":2,"minecraft:cobblestone":3,"minecraft:deepslate_gold_ore":5,"minecraft:sugar_cane":6,"minecraft:diorite":19,"minecraft:wall_torch":3,"minecraft:birch_planks":1,"minecraft:birch_log":36,"minecraft:birch_leaves":7,"minecraft:coal_ore":51,"minecraft:gravel":9,"minecraft:dirt":21,"minecraft:crimson_planks":8,"minecraft:netherrack":8,"minecraft:deepslate":51},"minecraft:used":{"minecraft:stone_sword":90,"minecraft:flint_and_steel":1,"minecraft:armor_stand":1,"minecraft:stone_shovel":31,"minecraft:chest":2,"minecraft:shield":25,"minecraft:cooked_chicken":1,"minecraft:torch":13,"minecraft:dirt":1,"minecraft:tuff":4,"minecraft:lava_bucket":12,"minecraft:crimson_planks":39,"minecraft:magma_block":2,"minecraft:furnace":3,"minecraft:cobbled_deepslate":5,"minecraft:cooked_mutton":16,"minecraft:water_bucket":14,"minecraft:birch_planks":20,"minecraft:stone_pickaxe":300,"minecraft:wooden_pickaxe":8,"minecraft:crafting_table":3,"minecraft:white_bed":7,"minecraft:iron_pickaxe":119,"minecraft:stone_axe":84,"minecraft:cobblestone":9,"minecraft:cooked_porkchop":1,"minecraft:birch_log":4,"minecraft:bucket":27,"minecraft:andesite":2,"minecraft:golden_pickaxe":32},"minecraft:picked_up":{"minecraft:crafting_table":5,"minecraft:chicken":1,"minecraft:stone_slab":12,"minecraft:crimson_planks":8,"minecraft:shield":2,"minecraft:smooth_stone_slab":10,"minecraft:cobbled_deepslate":127,"minecraft:beef":4,"minecraft:iron_pickaxe":2,"minecraft:sugar_cane":14,"minecraft:birch_sapling":2,"minecraft:furnace":1,"minecraft:stick":11,"minecraft:raw_iron":151,"minecraft:torch":101,"minecraft:porkchop":3,"minecraft:diorite":57,"minecraft:redstone":117,"minecraft:rotten_flesh":13,"minecraft:stone_sword":2,"minecraft:arrow":6,"minecraft:stone_shovel":2,"minecraft:mutton":13,"minecraft:white_wool":12,"minecraft:cobblestone":450,"minecraft:birch_log":44,"minecraft:magma_block":4,"minecraft:crimson_stem":22,"minecraft:andesite":29,"minecraft:leather":4,"minecraft:birch_planks":122,"minecraft:flint":3,"minecraft:tuff":4,"minecraft:gunpowder":4,"minecraft:lapis_lazuli":8,"minecraft:dirt":71,"minecraft:cooked_mutton":5,"minecraft:leather_boots":1,"minecraft:bone":13,"minecraft:kelp":1,"minecraft:wheat_seeds":1,"minecraft:raw_gold":15,"minecraft:iron_ingot":51,"minecraft:stone_pickaxe":2,"minecraft:cooked_porkchop":1,"minecraft:quartz":2,"minecraft:gravel":24,"minecraft:white_bed":5,"minecraft:diamond":28,"minecraft:stone_axe":2,"minecraft:granite":45,"minecraft:netherrack":9,"minecraft:coal":64},"minecraft:killed":{"minecraft:spider":1,"minecraft:skeleton":7,"minecraft:chicken":1,"minecraft:hoglin":1,"minecraft:creeper":1,"minecraft:sheep":9,"minecraft:zombie":3,"minecraft:cow":2}},"DataVersion":3700}