{"stats":{"minecraft:crafted":{"minecraft:birch_planks":140},"minecraft:custom":{"minecraft:time_since_rest":6464,"minecraft:sprint_one_cm":28817,"minecraft:damage_taken":1034,"minecraft:walk_one_cm":131440,"minecraft:drop":3,"minecraft:interact_with_crafting_table":1,"minecraft:fly_one_cm":3570,"minecraft:crouch_one_cm":2154,"minecraft:play_time":34284,"minecraft:deaths":4,"minecraft:sneak_time":1076,"minecraft:jump":143,"minecraft:leave_game":1,"minecraft:time_since_death":20709,"minecraft:sleep_in_bed":5,"minecraft:total_world_time":34284,"minecraft:fall_one_cm":3045},"minecraft:dropped":{"minecraft:birch_planks":3,"minecraft:crafting_table":1,"minecraft:rotten_flesh":1},"minecraft:killed_by":{"minecraft:skeleton":1,"minecraft:spider":1,"minecraft:zombie":2},"minecraft:mined":{"minecraft:birch_planks":7,"minecraft:white_bed":1,"minecraft:birch_log":42,"minecraft:birch_leaves":11,"minecraft:torch":1,"minecraft:short_grass":2,"minecraft:grass_block":38,"minecraft:sand":4,"minecraft:dirt":12,"minecraft:wall_torch":1},"minecraft:used":{"minecraft:birch_planks":147,"minecraft:birch_sapling":2,"minecraft:torch":2,"minecraft:dirt":38,"minecraft:sand":4,"minecraft:birch_log":5,"minecraft:white_bed":1},"minecraft:picked_up":{"minecraft:birch_log":42,"minecraft:stick":3,"minecraft:crafting_table":1,"minecraft:torch":2,"minecraft:birch_planks":10,"minecraft:sand":4,"minecraft:white_bed":1,"minecraft:dirt":48,"minecraft:rotten_flesh":1,"minecraft:birch_sapling":3,"minecraft:white_wool":3}},"DataVersion":3700}