{"stats":{"minecraft:crafted":{"minecraft:birch_planks":140},"minecraft:custom":{"minecraft:time_since_rest":3839,"minecraft:sprint_one_cm":28817,"minecraft:damage_taken":1284,"minecraft:walk_one_cm":149815,"minecraft:drop":3,"minecraft:interact_with_crafting_table":1,"minecraft:fly_one_cm":3768,"minecraft:crouch_one_cm":2346,"minecraft:play_time":42868,"minecraft:deaths":5,"minecraft:sneak_time":1181,"minecraft:jump":151,"minecraft:leave_game":1,"minecraft:time_since_death":3729,"minecraft:sleep_in_bed":7,"minecraft:total_world_time":42868,"minecraft:fall_one_cm":3045},"minecraft:dropped":{"minecraft:birch_planks":3,"minecraft:crafting_table":1,"minecraft:rotten_flesh":1},"minecraft:killed_by":{"minecraft:skeleton":1,"minecraft:spider":1,"minecraft:zombie":3},"minecraft:mined":{"minecraft:birch_planks":7,"minecraft:white_bed":2,"minecraft:birch_log":49,"minecraft:birch_leaves":11,"minecraft:bee_nest":1,"minecraft:torch":1,"minecraft:short_grass":2,"minecraft:grass_block":38,"minecraft:sand":4,"minecraft:dirt":12,"minecraft:wall_torch":1},"minecraft:used":{"minecraft:birch_planks":147,"minecraft:birch_sapling":2,"minecraft:torch":2,"minecraft:dirt":38,"minecraft:sand":4,"minecraft:birch_log":6,"minecraft:white_bed":2},"minecraft:picked_up":{"minecraft:birch_log":49,"minecraft:stick":3,"minecraft:crafting_table":1,"minecraft:torch":2,"minecraft:birch_planks":10,"minecraft:sand":4,"minecraft:white_bed":2,"minecraft:dirt":58,"minecraft:rotten_flesh":1,"minecraft:birch_sapling":3,"minecraft:white_wool":3}},"DataVersion":3700}