{"stats":{"minecraft:mined":{"minecraft:birch_log":87,"minecraft:birch_leaves":8,"minecraft:crafting_table":1,"minecraft:short_grass":2,"minecraft:grass_block":7,"minecraft:rose_bush":1,"minecraft:dirt":10,"minecraft:sand":9,"minecraft:stone":20},"minecraft:crafted":{"minecraft:wooden_sword":1,"minecraft:crafting_table":1,"minecraft:stick":16,"minecraft:wooden_pickaxe":2,"minecraft:wooden_axe":3,"minecraft:birch_planks":176},"minecraft:picked_up":{"minecraft:birch_log":107,"minecraft:stick":4,"minecraft:crafting_table":2,"minecraft:birch_planks":64,"minecraft:porkchop":1,"minecraft:sand":9,"minecraft:dirt":30,"minecraft:rotten_flesh":2,"minecraft:stone_axe":1,"minecraft:wheat_seeds":1,"minecraft:stone_pickaxe":1,"minecraft:birch_sapling":3,"minecraft:cobblestone":20},"minecraft:killed_by":{"minecraft:drowned":3,"minecraft:skeleton":1,"minecraft:creeper":1,"minecraft:spider":1,"minecraft:zombie":5},"minecraft:dropped":{"minecraft:wooden_axe":1,"minecraft:birch_sapling":1},"minecraft:used":{"minecraft:wooden_axe":20,"minecraft:birch_planks":56,"minecraft:birch_sapling":2,"minecraft:wooden_pickaxe":20,"minecraft:stone_axe":23,"minecraft:wooden_sword":17,"minecraft:dirt":1,"minecraft:sand":9,"minecraft:crafting_table":1,"minecraft:birch_log":1},"minecraft:custom":{"minecraft:time_since_rest":9704,"minecraft:sprint_one_cm":73643,"minecraft:damage_taken":2930,"minecraft:walk_one_cm":154446,"minecraft:mob_kills":2,"minecraft:drop":2,"minecraft:damage_dealt":828,"minecraft:interact_with_crafting_table":3,"minecraft:fly_one_cm":30045,"minecraft:open_chest":1,"minecraft:crouch_one_cm":2086,"minecraft:play_time":53027,"minecraft:deaths":11,"minecraft:sneak_time":2938,"minecraft:walk_under_water_one_cm":3081,"minecraft:jump":299,"minecraft:leave_game":1,"minecraft:time_since_death":9668,"minecraft:walk_on_water_one_cm":10235,"minecraft:total_world_time":53027,"minecraft:fall_one_cm":4225},"minecraft:killed":{"minecraft:zombie":1,"minecraft:pig":1}},"DataVersion":3953}