{"stats":{"minecraft:mined":{"minecraft:white_bed":1,"minecraft:dark_oak_leaves":1,"minecraft:dark_oak_log":102,"minecraft:crafting_table":1,"minecraft:torch":1,"minecraft:short_grass":5,"minecraft:grass_block":9,"minecraft:rose_bush":1,"minecraft:cobblestone":4,"minecraft:sugar_cane":2,"minecraft:diorite":24,"minecraft:sandstone":4,"minecraft:wall_torch":4,"minecraft:dark_oak_wall_sign":2,"minecraft:birch_log":87,"minecraft:birch_leaves":8,"minecraft:stone_brick_stairs":2,"minecraft:dark_oak_sign":1,"minecraft:sand":39,"minecraft:dirt":11,"minecraft:stone_bricks":34,"minecraft:stone":261},"minecraft:crafted":{"minecraft:wooden_sword":1,"minecraft:crafting_table":1,"minecraft:wooden_pickaxe":3,"minecraft:stone":200,"minecraft:bucket":1,"minecraft:birch_planks":176,"minecraft:stone_axe":2,"minecraft:dark_oak_door":3,"minecraft:stone_brick_stairs":12,"minecraft:charcoal":20,"minecraft:polished_diorite":24,"minecraft:stick":152,"minecraft:stone_pickaxe":2,"minecraft:wooden_axe":3,"minecraft:stone_sword":2,"minecraft:dark_oak_planks":320,"minecraft:torch":84,"minecraft:stone_bricks":188},"minecraft:picked_up":{"minecraft:wooden_axe":1,"minecraft:birch_log":107,"minecraft:crafting_table":2,"minecraft:iron_chestplate":3,"minecraft:wooden_pickaxe":1,"minecraft:birch_planks":64,"minecraft:stone_brick_stairs":2,"minecraft:dirt":64,"minecraft:iron_axe":1,"minecraft:wooden_sword":1,"minecraft:iron_leggings":3,"minecraft:stone_bricks":34,"minecraft:wheat_seeds":1,"minecraft:iron_ingot":7,"minecraft:stone_pickaxe":1,"minecraft:dark_oak_sign":5,"minecraft:iron_pickaxe":1,"minecraft:sugar_cane":3,"minecraft:birch_sapling":3,"minecraft:iron_sword":1,"minecraft:iron_boots":3,"minecraft:stick":6,"minecraft:sandstone":4,"minecraft:cooked_porkchop":12,"minecraft:torch":5,"minecraft:porkchop":1,"minecraft:sand":39,"minecraft:diorite":24,"minecraft:white_bed":2,"minecraft:dark_oak_log":100,"minecraft:rotten_flesh":2,"minecraft:stone_axe":1,"minecraft:iron_helmet":3,"minecraft:mutton":5,"minecraft:white_wool":4,"minecraft:cobblestone":270},"minecraft:killed_by":{"minecraft:skeleton":2,"minecraft:creeper":1,"minecraft:spider":1,"minecraft:zombie":9,"minecraft:drowned":4},"minecraft:dropped":{"minecraft:sugar_cane":3,"minecraft:birch_sapling":1,"minecraft:wooden_axe":1,"minecraft:dark_oak_planks":70},"minecraft:used":{"minecraft:water_bucket":39,"minecraft:stone_sword":16,"minecraft:birch_planks":120,"minecraft:dark_oak_sign":5,"minecraft:stone_pickaxe":88,"minecraft:wooden_pickaxe":67,"minecraft:sandstone":4,"minecraft:torch":40,"minecraft:dirt":4,"minecraft:sand":11,"minecraft:mutton":2,"minecraft:crafting_table":2,"minecraft:white_bed":2,"minecraft:dark_oak_door":1,"minecraft:polished_diorite":18,"minecraft:wooden_axe":47,"minecraft:dark_oak_planks":28,"minecraft:iron_axe":54,"minecraft:iron_pickaxe":175,"minecraft:birch_sapling":2,"minecraft:stone_brick_stairs":9,"minecraft:stone_bricks":204,"minecraft:stone_axe":23,"minecraft:wooden_sword":27,"minecraft:cobblestone":11,"minecraft:cooked_porkchop":2,"minecraft:bucket":40,"minecraft:birch_log":1},"minecraft:custom":{"minecraft:interact_with_furnace":32,"minecraft:mob_kills":6,"minecraft:interact_with_crafting_table":23,"minecraft:leave_game":1,"minecraft:time_since_death":85972,"minecraft:sleep_in_bed":6,"minecraft:climb_one_cm":1586,"minecraft:time_since_rest":2860,"minecraft:sprint_one_cm":216265,"minecraft:damage_taken":4597,"minecraft:walk_one_cm":605269,"minecraft:drop":75,"minecraft:damage_dealt":1278,"minecraft:fly_one_cm":58406,"minecraft:open_chest":23,"minecraft:crouch_one_cm":17492,"minecraft:play_time":179027,"minecraft:deaths":17,"minecraft:sneak_time":9767,"minecraft:walk_under_water_one_cm":3405,"minecraft:jump":910,"minecraft:walk_on_water_one_cm":23359,"minecraft:total_world_time":179027,"minecraft:fall_one_cm":14262},"minecraft:killed":{"minecraft:pig":1,"minecraft:sheep":4,"minecraft:zombie":1}},"DataVersion":3953}