{"stats":{"minecraft:mined":{"minecraft:white_bed":1,"minecraft:dark_oak_log":49,"minecraft:crafting_table":1,"minecraft:short_grass":5,"minecraft:grass_block":9,"minecraft:rose_bush":1,"minecraft:sugar_cane":2,"minecraft:sandstone":4,"minecraft:wall_torch":4,"minecraft:birch_log":87,"minecraft:birch_leaves":8,"minecraft:sand":21,"minecraft:dirt":11,"minecraft:stone":49},"minecraft:crafted":{"minecraft:wooden_sword":1,"minecraft:crafting_table":1,"minecraft:wooden_pickaxe":2,"minecraft:birch_planks":176,"minecraft:stone_axe":1,"minecraft:dark_oak_door":3,"minecraft:stick":24,"minecraft:stone_pickaxe":1,"minecraft:wooden_axe":3,"minecraft:stone_sword":1,"minecraft:dark_oak_planks":172,"minecraft:torch":4},"minecraft:picked_up":{"minecraft:wooden_axe":1,"minecraft:birch_log":107,"minecraft:crafting_table":2,"minecraft:iron_chestplate":2,"minecraft:wooden_pickaxe":1,"minecraft:birch_planks":64,"minecraft:dirt":64,"minecraft:wooden_sword":1,"minecraft:iron_leggings":2,"minecraft:wheat_seeds":1,"minecraft:stone_pickaxe":1,"minecraft:sugar_cane":3,"minecraft:birch_sapling":3,"minecraft:iron_boots":2,"minecraft:stick":6,"minecraft:sandstone":4,"minecraft:torch":4,"minecraft:porkchop":1,"minecraft:sand":21,"minecraft:white_bed":2,"minecraft:dark_oak_log":49,"minecraft:rotten_flesh":2,"minecraft:stone_axe":1,"minecraft:iron_helmet":2,"minecraft:mutton":5,"minecraft:white_wool":4,"minecraft:cobblestone":46},"minecraft:killed_by":{"minecraft:skeleton":2,"minecraft:creeper":1,"minecraft:spider":1,"minecraft:zombie":9,"minecraft:drowned":4},"minecraft:dropped":{"minecraft:sugar_cane":3,"minecraft:birch_sapling":1,"minecraft:wooden_axe":1,"minecraft:dark_oak_planks":70},"minecraft:used":{"minecraft:stone_sword":16,"minecraft:birch_planks":120,"minecraft:stone_pickaxe":6,"minecraft:wooden_pickaxe":48,"minecraft:sandstone":4,"minecraft:torch":8,"minecraft:dirt":4,"minecraft:sand":9,"minecraft:mutton":1,"minecraft:crafting_table":2,"minecraft:white_bed":2,"minecraft:dark_oak_door":1,"minecraft:wooden_axe":47,"minecraft:dark_oak_planks":28,"minecraft:birch_sapling":2,"minecraft:stone_axe":23,"minecraft:wooden_sword":27,"minecraft:cobblestone":1,"minecraft:birch_log":1},"minecraft:custom":{"minecraft:interact_with_furnace":6,"minecraft:mob_kills":6,"minecraft:interact_with_crafting_table":8,"minecraft:leave_game":1,"minecraft:time_since_death":13972,"minecraft:climb_one_cm":532,"minecraft:time_since_rest":14007,"minecraft:sprint_one_cm":206442,"minecraft:damage_taken":4377,"minecraft:walk_one_cm":368560,"minecraft:drop":75,"minecraft:damage_dealt":1278,"minecraft:fly_one_cm":57696,"minecraft:open_chest":11,"minecraft:crouch_one_cm":6529,"minecraft:play_time":107027,"minecraft:deaths":17,"minecraft:sneak_time":5776,"minecraft:walk_under_water_one_cm":3081,"minecraft:jump":709,"minecraft:walk_on_water_one_cm":19745,"minecraft:total_world_time":107027,"minecraft:fall_one_cm":10024},"minecraft:killed":{"minecraft:pig":1,"minecraft:sheep":4,"minecraft:zombie":1}},"DataVersion":3953}