{"stats":{"minecraft:mined":{"minecraft:birch_log":87,"minecraft:dark_oak_log":26,"minecraft:birch_leaves":8,"minecraft:crafting_table":1,"minecraft:short_grass":2,"minecraft:grass_block":7,"minecraft:rose_bush":1,"minecraft:dirt":10,"minecraft:sand":9,"minecraft:stone":20},"minecraft:crafted":{"minecraft:wooden_sword":1,"minecraft:dark_oak_door":3,"minecraft:crafting_table":1,"minecraft:stick":16,"minecraft:wooden_pickaxe":2,"minecraft:wooden_axe":3,"minecraft:torch":4,"minecraft:dark_oak_planks":104,"minecraft:birch_planks":176},"minecraft:picked_up":{"minecraft:birch_log":107,"minecraft:iron_chestplate":1,"minecraft:stick":4,"minecraft:crafting_table":2,"minecraft:birch_planks":64,"minecraft:porkchop":1,"minecraft:sand":9,"minecraft:dark_oak_log":26,"minecraft:dirt":30,"minecraft:iron_leggings":1,"minecraft:rotten_flesh":2,"minecraft:stone_axe":1,"minecraft:wheat_seeds":1,"minecraft:iron_helmet":1,"minecraft:stone_pickaxe":1,"minecraft:birch_sapling":3,"minecraft:iron_boots":1,"minecraft:cobblestone":20},"minecraft:killed_by":{"minecraft:drowned":3,"minecraft:skeleton":1,"minecraft:creeper":1,"minecraft:spider":1,"minecraft:zombie":5},"minecraft:dropped":{"minecraft:wooden_axe":1,"minecraft:birch_sapling":1,"minecraft:dark_oak_planks":61},"minecraft:used":{"minecraft:dark_oak_planks":28,"minecraft:wooden_axe":47,"minecraft:birch_planks":120,"minecraft:birch_sapling":2,"minecraft:wooden_pickaxe":20,"minecraft:stone_axe":23,"minecraft:torch":4,"minecraft:wooden_sword":27,"minecraft:dirt":1,"minecraft:sand":9,"minecraft:crafting_table":2,"minecraft:birch_log":1,"minecraft:dark_oak_door":1},"minecraft:custom":{"minecraft:time_since_rest":21704,"minecraft:interact_with_furnace":3,"minecraft:sprint_one_cm":82063,"minecraft:damage_taken":3016,"minecraft:walk_one_cm":171435,"minecraft:mob_kills":2,"minecraft:drop":63,"minecraft:damage_dealt":958,"minecraft:interact_with_crafting_table":5,"minecraft:fly_one_cm":33002,"minecraft:open_chest":4,"minecraft:crouch_one_cm":5509,"minecraft:play_time":65027,"minecraft:deaths":11,"minecraft:sneak_time":4217,"minecraft:walk_under_water_one_cm":3081,"minecraft:jump":325,"minecraft:leave_game":1,"minecraft:time_since_death":21668,"minecraft:walk_on_water_one_cm":10235,"minecraft:total_world_time":65027,"minecraft:fall_one_cm":5104},"minecraft:killed":{"minecraft:zombie":1,"minecraft:pig":1}},"DataVersion":3953}