{"stats":{"minecraft:crafted":{"minecraft:crafting_table":1,"minecraft:stick":4,"minecraft:wooden_pickaxe":1,"minecraft:stone_pickaxe":1,"minecraft:stone_sword":1,"minecraft:birch_planks":208,"minecraft:stone_axe":1},"minecraft:custom":{"minecraft:time_since_rest":11209,"minecraft:sprint_one_cm":28817,"minecraft:damage_taken":1284,"minecraft:walk_one_cm":162459,"minecraft:drop":3,"minecraft:interact_with_crafting_table":4,"minecraft:fly_one_cm":3768,"minecraft:crouch_one_cm":2346,"minecraft:play_time":50238,"minecraft:deaths":5,"minecraft:sneak_time":1266,"minecraft:jump":174,"minecraft:leave_game":2,"minecraft:time_since_death":11099,"minecraft:sleep_in_bed":7,"minecraft:total_world_time":50238,"minecraft:fall_one_cm":3730},"minecraft:dropped":{"minecraft:birch_planks":3,"minecraft:crafting_table":1,"minecraft:rotten_flesh":1},"minecraft:killed_by":{"minecraft:skeleton":1,"minecraft:spider":1,"minecraft:zombie":3},"minecraft:mined":{"minecraft:birch_planks":7,"minecraft:white_bed":2,"minecraft:birch_log":65,"minecraft:birch_leaves":11,"minecraft:bee_nest":1,"minecraft:torch":1,"minecraft:short_grass":2,"minecraft:grass_block":44,"minecraft:sand":4,"minecraft:dirt":20,"minecraft:stone":8,"minecraft:wall_torch":1},"minecraft:used":{"minecraft:birch_planks":147,"minecraft:birch_sapling":2,"minecraft:wooden_pickaxe":8,"minecraft:torch":2,"minecraft:dirt":38,"minecraft:sand":4,"minecraft:crafting_table":1,"minecraft:birch_log":11,"minecraft:white_bed":2},"minecraft:picked_up":{"minecraft:birch_log":65,"minecraft:stick":7,"minecraft:crafting_table":1,"minecraft:torch":2,"minecraft:birch_planks":10,"minecraft:sand":4,"minecraft:white_bed":2,"minecraft:dirt":72,"minecraft:rotten_flesh":1,"minecraft:birch_sapling":4,"minecraft:white_wool":3,"minecraft:cobblestone":8}},"DataVersion":3700}