{"stats":{"minecraft:crafted":{"minecraft:birch_planks":140},"minecraft:custom":{"minecraft:time_since_rest":7779,"minecraft:crouch_one_cm":799,"minecraft:play_time":22090,"minecraft:sprint_one_cm":28236,"minecraft:walk_one_cm":100657,"minecraft:damage_taken":1034,"minecraft:deaths":4,"minecraft:sneak_time":369,"minecraft:drop":3,"minecraft:jump":106,"minecraft:time_since_death":8515,"minecraft:sleep_in_bed":2,"minecraft:total_world_time":22090,"minecraft:interact_with_crafting_table":1,"minecraft:fall_one_cm":2238,"minecraft:fly_one_cm":3570},"minecraft:dropped":{"minecraft:rotten_flesh":1,"minecraft:birch_planks":3,"minecraft:crafting_table":1},"minecraft:killed_by":{"minecraft:skeleton":1,"minecraft:spider":1,"minecraft:zombie":2},"minecraft:mined":{"minecraft:birch_planks":2,"minecraft:short_grass":2,"minecraft:grass_block":10,"minecraft:white_bed":1,"minecraft:dirt":2,"minecraft:sand":4,"minecraft:birch_log":42,"minecraft:birch_leaves":6},"minecraft:used":{"minecraft:dirt":10,"minecraft:sand":4,"minecraft:birch_planks":22,"minecraft:birch_sapling":1,"minecraft:birch_log":5},"minecraft:picked_up":{"minecraft:birch_log":42,"minecraft:stick":2,"minecraft:crafting_table":1,"minecraft:rotten_flesh":1,"minecraft:birch_planks":5,"minecraft:sand":4,"minecraft:white_bed":1,"minecraft:birch_sapling":2,"minecraft:dirt":10,"minecraft:white_wool":3}},"DataVersion":3700}