{"stats":{"minecraft:mined":{"minecraft:birch_log":87,"minecraft:dark_oak_log":27,"minecraft:birch_leaves":8,"minecraft:crafting_table":1,"minecraft:short_grass":2,"minecraft:grass_block":7,"minecraft:rose_bush":1,"minecraft:dirt":10,"minecraft:sand":21,"minecraft:stone":44,"minecraft:sandstone":4,"minecraft:wall_torch":2},"minecraft:crafted":{"minecraft:wooden_sword":1,"minecraft:dark_oak_door":3,"minecraft:crafting_table":1,"minecraft:stick":24,"minecraft:wooden_pickaxe":2,"minecraft:stone_pickaxe":1,"minecraft:wooden_axe":3,"minecraft:stone_sword":1,"minecraft:torch":4,"minecraft:dark_oak_planks":108,"minecraft:birch_planks":176,"minecraft:stone_axe":1},"minecraft:picked_up":{"minecraft:wooden_axe":1,"minecraft:birch_log":107,"minecraft:iron_chestplate":2,"minecraft:stick":6,"minecraft:crafting_table":2,"minecraft:torch":2,"minecraft:wooden_pickaxe":1,"minecraft:birch_planks":64,"minecraft:porkchop":1,"minecraft:sand":21,"minecraft:dark_oak_log":27,"minecraft:dirt":30,"minecraft:wooden_sword":1,"minecraft:iron_leggings":2,"minecraft:rotten_flesh":2,"minecraft:stone_axe":1,"minecraft:wheat_seeds":1,"minecraft:iron_helmet":2,"minecraft:stone_pickaxe":1,"minecraft:birch_sapling":3,"minecraft:iron_boots":2,"minecraft:cobblestone":44,"minecraft:sandstone":4},"minecraft:killed_by":{"minecraft:drowned":4,"minecraft:skeleton":1,"minecraft:creeper":1,"minecraft:spider":1,"minecraft:zombie":5},"minecraft:dropped":{"minecraft:wooden_axe":1,"minecraft:birch_sapling":1,"minecraft:dark_oak_planks":70},"minecraft:used":{"minecraft:dark_oak_planks":28,"minecraft:wooden_axe":47,"minecraft:birch_planks":120,"minecraft:birch_sapling":2,"minecraft:sandstone":4,"minecraft:wooden_pickaxe":48,"minecraft:stone_axe":23,"minecraft:torch":6,"minecraft:wooden_sword":27,"minecraft:dirt":1,"minecraft:sand":9,"minecraft:cobblestone":1,"minecraft:crafting_table":2,"minecraft:birch_log":1,"minecraft:dark_oak_door":1},"minecraft:custom":{"minecraft:time_since_rest":8983,"minecraft:interact_with_furnace":4,"minecraft:sprint_one_cm":126287,"minecraft:damage_taken":3170,"minecraft:walk_one_cm":202277,"minecraft:mob_kills":2,"minecraft:drop":72,"minecraft:damage_dealt":958,"minecraft:interact_with_crafting_table":7,"minecraft:fly_one_cm":39622,"minecraft:open_chest":6,"minecraft:crouch_one_cm":5509,"minecraft:play_time":77027,"minecraft:deaths":12,"minecraft:sneak_time":4217,"minecraft:walk_under_water_one_cm":3081,"minecraft:jump":374,"minecraft:leave_game":1,"minecraft:time_since_death":8948,"minecraft:walk_on_water_one_cm":10235,"minecraft:total_world_time":77027,"minecraft:fall_one_cm":5313},"minecraft:killed":{"minecraft:zombie":1,"minecraft:pig":1}},"DataVersion":3953}