{"stats":{"minecraft:mined":{"minecraft:short_grass":1,"minecraft:sand":9,"minecraft:birch_log":45,"minecraft:birch_leaves":5},"minecraft:crafted":{"minecraft:birch_planks":64,"minecraft:crafting_table":1,"minecraft:stick":4,"minecraft:wooden_pickaxe":1,"minecraft:wooden_axe":1},"minecraft:picked_up":{"minecraft:birch_log":58,"minecraft:crafting_table":1,"minecraft:stick":4,"minecraft:rotten_flesh":2,"minecraft:stone_axe":1,"minecraft:sand":9,"minecraft:birch_planks":64,"minecraft:stone_pickaxe":1,"minecraft:birch_sapling":2,"minecraft:dirt":16},"minecraft:killed_by":{"minecraft:creeper":1,"minecraft:zombie":3,"minecraft:drowned":3},"minecraft:used":{"minecraft:stone_axe":23,"minecraft:crafting_table":1,"minecraft:birch_planks":20,"minecraft:birch_sapling":2},"minecraft:custom":{"minecraft:open_chest":1,"minecraft:time_since_rest":8613,"minecraft:crouch_one_cm":556,"minecraft:play_time":29027,"minecraft:sprint_one_cm":14314,"minecraft:damage_taken":1946,"minecraft:walk_one_cm":84443,"minecraft:deaths":7,"minecraft:sneak_time":278,"minecraft:walk_under_water_one_cm":1587,"minecraft:jump":125,"minecraft:damage_dealt":152,"minecraft:leave_game":1,"minecraft:walk_on_water_one_cm":6909,"minecraft:time_since_death":8505,"minecraft:total_world_time":29027,"minecraft:interact_with_crafting_table":1,"minecraft:fall_one_cm":2553,"minecraft:fly_one_cm":8621}},"DataVersion":3953}