{"stats":{"minecraft:custom":{"minecraft:jump":66,"minecraft:time_since_rest":653,"minecraft:deaths":1,"minecraft:sprint_one_cm":7373,"minecraft:play_time":10090,"minecraft:damage_taken":244,"minecraft:time_since_death":608,"minecraft:walk_one_cm":56450,"minecraft:total_world_time":10090,"minecraft:fall_one_cm":1151,"minecraft:fly_one_cm":622},"minecraft:killed_by":{"minecraft:skeleton":1},"minecraft:mined":{"minecraft:birch_log":7,"minecraft:sand":4},"minecraft:picked_up":{"minecraft:sand":4,"minecraft:birch_sapling":2,"minecraft:birch_log":7},"minecraft:used":{"minecraft:birch_sapling":1,"minecraft:birch_log":5,"minecraft:sand":4}},"DataVersion":3700}