{"stats":{"minecraft:mined":{"minecraft:birch_log":58,"minecraft:birch_leaves":5,"minecraft:short_grass":2,"minecraft:grass_block":6,"minecraft:dirt":9,"minecraft:sand":9,"minecraft:stone":20},"minecraft:crafted":{"minecraft:crafting_table":1,"minecraft:stick":8,"minecraft:wooden_pickaxe":1,"minecraft:wooden_axe":2,"minecraft:birch_planks":64},"minecraft:picked_up":{"minecraft:birch_log":71,"minecraft:stick":4,"minecraft:crafting_table":1,"minecraft:birch_planks":64,"minecraft:porkchop":1,"minecraft:sand":9,"minecraft:dirt":30,"minecraft:rotten_flesh":2,"minecraft:stone_axe":1,"minecraft:wheat_seeds":1,"minecraft:stone_pickaxe":1,"minecraft:birch_sapling":2,"minecraft:cobblestone":20},"minecraft:killed_by":{"minecraft:drowned":3,"minecraft:creeper":1,"minecraft:zombie":5},"minecraft:dropped":{"minecraft:wooden_axe":1},"minecraft:used":{"minecraft:wooden_axe":20,"minecraft:birch_planks":20,"minecraft:birch_sapling":2,"minecraft:wooden_pickaxe":20,"minecraft:stone_axe":23,"minecraft:dirt":1,"minecraft:sand":9,"minecraft:crafting_table":1},"minecraft:custom":{"minecraft:time_since_rest":1346,"minecraft:sprint_one_cm":60805,"minecraft:damage_taken":2496,"minecraft:walk_one_cm":137934,"minecraft:mob_kills":1,"minecraft:drop":1,"minecraft:damage_dealt":408,"minecraft:interact_with_crafting_table":2,"minecraft:fly_one_cm":17195,"minecraft:open_chest":1,"minecraft:crouch_one_cm":619,"minecraft:play_time":41027,"minecraft:deaths":9,"minecraft:sneak_time":478,"minecraft:walk_under_water_one_cm":1587,"minecraft:jump":228,"minecraft:leave_game":1,"minecraft:time_since_death":1308,"minecraft:walk_on_water_one_cm":8046,"minecraft:total_world_time":41027,"minecraft:fall_one_cm":2762},"minecraft:killed":{"minecraft:pig":1}},"DataVersion":3953}