{"stats":{"minecraft:mined":{"minecraft:short_grass":1,"minecraft:birch_log":34,"minecraft:birch_leaves":3},"minecraft:crafted":{"minecraft:birch_planks":28},"minecraft:picked_up":{"minecraft:birch_log":33,"minecraft:crafting_table":1,"minecraft:stick":3,"minecraft:rotten_flesh":2,"minecraft:stone_axe":1,"minecraft:birch_planks":28,"minecraft:stone_pickaxe":1,"minecraft:birch_sapling":1,"minecraft:dirt":16},"minecraft:killed_by":{"minecraft:creeper":1,"minecraft:zombie":3,"minecraft:drowned":2},"minecraft:used":{"minecraft:stone_axe":23,"minecraft:birch_sapling":1},"minecraft:custom":{"minecraft:open_chest":1,"minecraft:time_since_rest":193,"minecraft:crouch_one_cm":171,"minecraft:play_time":17027,"minecraft:sprint_one_cm":6525,"minecraft:damage_taken":1561,"minecraft:walk_one_cm":49081,"minecraft:deaths":6,"minecraft:sneak_time":107,"minecraft:walk_under_water_one_cm":1587,"minecraft:jump":86,"minecraft:damage_dealt":152,"minecraft:leave_game":1,"minecraft:walk_on_water_one_cm":6866,"minecraft:time_since_death":131,"minecraft:total_world_time":17027,"minecraft:fall_one_cm":2344,"minecraft:fly_one_cm":5241}},"DataVersion":3953}