{"stats":{"minecraft:mined":{"minecraft:dark_oak_planks":39,"minecraft:large_amethyst_bud":2,"minecraft:dark_oak_leaves":2,"minecraft:deepslate_diamond_ore":47,"minecraft:dark_oak_log":88,"minecraft:obsidian":4,"minecraft:ladder":1,"minecraft:cave_vines_plant":8,"minecraft:granite":16,"minecraft:budding_amethyst":1,"minecraft:grass_block":20,"minecraft:magma_block":1,"minecraft:furnace":5,"minecraft:iron_ore":36,"minecraft:andesite":9,"minecraft:deepslate_lapis_ore":1,"minecraft:gold_block":3,"minecraft:dark_oak_stairs":5,"minecraft:cave_vines":7,"minecraft:deepslate_iron_ore":31,"minecraft:stone":202,"minecraft:kelp_plant":16,"minecraft:medium_amethyst_bud":1,"minecraft:crafting_table":4,"minecraft:torch":4,"minecraft:short_grass":6,"minecraft:calcite":7,"minecraft:cobblestone":2,"minecraft:deepslate_gold_ore":9,"minecraft:oak_planks":4,"minecraft:diorite":8,"minecraft:wall_torch":4,"minecraft:big_dripleaf":1,"minecraft:amethyst_block":4,"minecraft:deepslate_copper_ore":10,"minecraft:dark_oak_slab":28,"minecraft:birch_log":9,"minecraft:birch_leaves":1,"minecraft:stone_brick_stairs":1,"minecraft:oak_log":29,"minecraft:coal_ore":38,"minecraft:gravel":10,"minecraft:sand":104,"minecraft:dirt":25,"minecraft:smooth_basalt":3,"minecraft:netherrack":1,"minecraft:oak_leaves":3,"minecraft:deepslate":273},"minecraft:crafted":{"minecraft:oak_planks":40,"minecraft:furnace":4,"minecraft:cooked_mutton":7,"minecraft:glass":31,"minecraft:diamond_helmet":1,"minecraft:iron_boots":2,"minecraft:diamond_leggings":1,"minecraft:polished_deepslate":64,"minecraft:iron_axe":2,"minecraft:ladder":6,"minecraft:stone_pickaxe":1,"minecraft:chest":4,"minecraft:diamond_boots":1,"minecraft:dark_oak_planks":212,"minecraft:diamond_sword":1,"minecraft:cooked_porkchop":28,"minecraft:dark_oak_stairs":44,"minecraft:diamond_axe":1,"minecraft:crafting_table":3,"minecraft:enchanting_table":1,"minecraft:wooden_pickaxe":1,"minecraft:iron_helmet":2,"minecraft:iron_sword":1,"minecraft:birch_planks":36,"minecraft:stone_axe":1,"minecraft:air":0,"minecraft:book":1,"minecraft:dark_oak_slab":180,"minecraft:iron_chestplate":2,"minecraft:paper":3,"minecraft:diamond_pickaxe":1,"minecraft:shield":1,"minecraft:stick":48,"minecraft:iron_ingot":65,"minecraft:iron_pickaxe":2,"minecraft:wooden_axe":1,"minecraft:iron_leggings":2,"minecraft:iron_shovel":1,"minecraft:gold_ingot":4,"minecraft:white_bed":1,"minecraft:torch":16,"minecraft:diamond_chestplate":1},"minecraft:picked_up":{"minecraft:wooden_axe":1,"minecraft:crafting_table":4,"minecraft:ladder":1,"minecraft:golden_pickaxe":1,"minecraft:gold_block":3,"minecraft:stone_brick_stairs":1,"minecraft:amethyst_block":4,"minecraft:string":2,"minecraft:cobbled_deepslate":287,"minecraft:beef":6,"minecraft:calcite":7,"minecraft:light_gray_wool":1,"minecraft:sugar_cane":3,"minecraft:birch_sapling":1,"minecraft:furnace":5,"minecraft:raw_iron":113,"minecraft:stick":8,"minecraft:big_dripleaf":3,"minecraft:torch":8,"minecraft:porkchop":51,"minecraft:redstone":1,"minecraft:dark_oak_planks":109,"minecraft:arrow":10,"minecraft:rotten_flesh":9,"minecraft:obsidian":4,"minecraft:glow_berries":10,"minecraft:mutton":10,"minecraft:white_wool":4,"minecraft:cobblestone":156,"minecraft:birch_log":9,"minecraft:magma_block":1,"minecraft:leather":5,"minecraft:brown_wool":1,"minecraft:oak_log":33,"minecraft:gunpowder":2,"minecraft:lapis_lazuli":5,"minecraft:dirt":28,"minecraft:bone":12,"minecraft:apple":1,"minecraft:kelp":133,"minecraft:bow":1,"minecraft:wheat_seeds":1,"minecraft:raw_gold":9,"minecraft:iron_ingot":2,"minecraft:stone_pickaxe":2,"minecraft:dark_oak_stairs":5,"minecraft:oak_planks":4,"minecraft:smooth_basalt":3,"minecraft:dark_oak_slab":28,"minecraft:cooked_porkchop":2,"minecraft:gravel":12,"minecraft:sand":104,"minecraft:dark_oak_log":87,"minecraft:diamond":47,"minecraft:stone_axe":1,"minecraft:gray_wool":2,"minecraft:oak_sapling":4,"minecraft:netherrack":1,"minecraft:coal":115},"minecraft:used":{"minecraft:enchanting_table":1,"minecraft:iron_shovel":134,"minecraft:polished_deepslate":48,"minecraft:ladder":5,"minecraft:chest":4,"minecraft:shield":19,"minecraft:rotten_flesh":2,"minecraft:torch":24,"minecraft:dirt":14,"minecraft:glass":31,"minecraft:wooden_axe":7,"minecraft:dark_oak_planks":92,"minecraft:iron_axe":30,"minecraft:iron_helmet":1,"minecraft:dark_oak_slab":188,"minecraft:furnace":9,"minecraft:cobbled_deepslate":9,"minecraft:cooked_mutton":2,"minecraft:dark_oak_stairs":44,"minecraft:stone_pickaxe":125,"minecraft:wooden_pickaxe":4,"minecraft:diamond_axe":206,"minecraft:glow_berries":7,"minecraft:crafting_table":7,"minecraft:dark_oak_door":2,"minecraft:oak_log":21,"minecraft:diamond_pickaxe":360,"minecraft:apple":1,"minecraft:dark_oak_log":34,"minecraft:iron_pickaxe":246,"minecraft:stone_axe":7,"minecraft:diamond_sword":67,"minecraft:cobblestone":97,"minecraft:cooked_porkchop":7},"minecraft:dropped":{"minecraft:iron_ingot":7,"minecraft:iron_sword":1,"minecraft:golden_pickaxe":1,"minecraft:iron_helmet":2,"minecraft:rail":6,"minecraft:wooden_axe":1,"minecraft:iron_leggings":2,"minecraft:iron_axe":1,"minecraft:iron_pickaxe":2,"minecraft:stone_axe":2,"minecraft:detector_rail":2,"minecraft:birch_sapling":1,"minecraft:iron_boots":2,"minecraft:white_bed":1,"minecraft:iron_chestplate":2,"minecraft:stone_pickaxe":3,"minecraft:arrow":2,"minecraft:powered_rail":4},"minecraft:custom":{"minecraft:mob_kills":49,"minecraft:interact_with_crafting_table":43,"minecraft:leave_game":5,"minecraft:time_since_death":110024,"minecraft:climb_one_cm":1865,"minecraft:sprint_one_cm":308037,"minecraft:walk_one_cm":237033,"minecraft:damage_blocked_by_shield":634,"minecraft:drop":27,"minecraft:play_time":110024,"minecraft:sneak_time":12454,"minecraft:walk_under_water_one_cm":7879,"minecraft:jump":1613,"minecraft:walk_on_water_one_cm":6940,"minecraft:enchant_item":1,"minecraft:total_world_time":110024,"minecraft:interact_with_furnace":65,"minecraft:time_since_rest":110024,"minecraft:damage_taken":339,"minecraft:damage_dealt":6570,"minecraft:swim_one_cm":47308,"minecraft:fly_one_cm":356792,"minecraft:open_chest":39,"minecraft:crouch_one_cm":41645,"minecraft:fall_one_cm":26603},"minecraft:killed":{"minecraft:spider":2,"minecraft:skeleton":8,"minecraft:drowned":4,"minecraft:pig":16,"minecraft:creeper":1,"minecraft:squid":1,"minecraft:sheep":7,"minecraft:zombie":4,"minecraft:cow":4}},"DataVersion":3953}