{"stats":{"minecraft:mined":{"minecraft:dark_oak_planks":30,"minecraft:large_amethyst_bud":2,"minecraft:dark_oak_leaves":2,"minecraft:deepslate_diamond_ore":47,"minecraft:medium_amethyst_bud":1,"minecraft:dark_oak_log":85,"minecraft:crafting_table":4,"minecraft:torch":4,"minecraft:cave_vines_plant":8,"minecraft:granite":16,"minecraft:budding_amethyst":1,"minecraft:short_grass":6,"minecraft:grass_block":3,"minecraft:calcite":7,"minecraft:cobblestone":1,"minecraft:deepslate_gold_ore":9,"minecraft:oak_planks":4,"minecraft:diorite":8,"minecraft:wall_torch":4,"minecraft:amethyst_block":4,"minecraft:big_dripleaf":1,"minecraft:deepslate_copper_ore":10,"minecraft:furnace":5,"minecraft:birch_log":9,"minecraft:iron_ore":36,"minecraft:birch_leaves":1,"minecraft:andesite":9,"minecraft:deepslate_lapis_ore":1,"minecraft:coal_ore":34,"minecraft:oak_log":21,"minecraft:cave_vines":7,"minecraft:deepslate_iron_ore":31,"minecraft:sand":56,"minecraft:gravel":10,"minecraft:dirt":9,"minecraft:smooth_basalt":3,"minecraft:stone":141,"minecraft:oak_leaves":3,"minecraft:deepslate":273},"minecraft:crafted":{"minecraft:oak_planks":8,"minecraft:diamond_sword":1,"minecraft:cooked_porkchop":17,"minecraft:diamond_axe":1,"minecraft:crafting_table":3,"minecraft:wooden_pickaxe":1,"minecraft:iron_helmet":1,"minecraft:furnace":4,"minecraft:birch_planks":36,"minecraft:stone_axe":1,"minecraft:cooked_mutton":2,"minecraft:air":0,"minecraft:diamond_helmet":1,"minecraft:diamond_leggings":1,"minecraft:iron_boots":1,"minecraft:iron_chestplate":1,"minecraft:diamond_pickaxe":1,"minecraft:shield":1,"minecraft:iron_axe":1,"minecraft:stick":24,"minecraft:iron_shovel":1,"minecraft:iron_ingot":65,"minecraft:iron_pickaxe":1,"minecraft:stone_pickaxe":1,"minecraft:wooden_axe":1,"minecraft:diamond_boots":1,"minecraft:chest":4,"minecraft:gold_ingot":4,"minecraft:iron_leggings":1,"minecraft:dark_oak_planks":120,"minecraft:torch":16,"minecraft:diamond_chestplate":1},"minecraft:picked_up":{"minecraft:wooden_axe":1,"minecraft:birch_log":9,"minecraft:crafting_table":4,"minecraft:golden_pickaxe":1,"minecraft:oak_log":25,"minecraft:amethyst_block":4,"minecraft:lapis_lazuli":5,"minecraft:string":1,"minecraft:bone":4,"minecraft:apple":1,"minecraft:bow":1,"minecraft:wheat_seeds":1,"minecraft:cobbled_deepslate":287,"minecraft:raw_gold":9,"minecraft:iron_ingot":2,"minecraft:stone_pickaxe":2,"minecraft:calcite":7,"minecraft:birch_sapling":1,"minecraft:oak_planks":4,"minecraft:furnace":5,"minecraft:stick":8,"minecraft:raw_iron":113,"minecraft:smooth_basalt":3,"minecraft:cooked_porkchop":2,"minecraft:sand":56,"minecraft:big_dripleaf":3,"minecraft:torch":8,"minecraft:gravel":12,"minecraft:porkchop":34,"minecraft:redstone":1,"minecraft:dark_oak_log":84,"minecraft:dark_oak_planks":100,"minecraft:arrow":4,"minecraft:rotten_flesh":7,"minecraft:diamond":47,"minecraft:stone_axe":1,"minecraft:oak_sapling":4,"minecraft:glow_berries":10,"minecraft:mutton":3,"minecraft:coal":111,"minecraft:white_wool":2,"minecraft:cobblestone":94},"minecraft:dropped":{"minecraft:stone_axe":2,"minecraft:detector_rail":2,"minecraft:golden_pickaxe":1,"minecraft:birch_sapling":1,"minecraft:iron_helmet":1,"minecraft:iron_boots":1,"minecraft:rail":6,"minecraft:iron_chestplate":1,"minecraft:wooden_axe":1,"minecraft:iron_leggings":1,"minecraft:arrow":2,"minecraft:powered_rail":4,"minecraft:stone_pickaxe":3,"minecraft:iron_pickaxe":1},"minecraft:used":{"minecraft:cooked_mutton":2,"minecraft:iron_shovel":54,"minecraft:stone_pickaxe":125,"minecraft:chest":4,"minecraft:shield":11,"minecraft:wooden_pickaxe":4,"minecraft:diamond_axe":144,"minecraft:rotten_flesh":2,"minecraft:torch":21,"minecraft:glow_berries":7,"minecraft:crafting_table":7,"minecraft:dark_oak_door":2,"minecraft:oak_log":21,"minecraft:dark_oak_planks":56,"minecraft:wooden_axe":7,"minecraft:diamond_pickaxe":283,"minecraft:dark_oak_log":24,"minecraft:iron_axe":30,"minecraft:iron_pickaxe":246,"minecraft:iron_helmet":1,"minecraft:diamond_sword":11,"minecraft:stone_axe":7,"minecraft:cobblestone":36,"minecraft:furnace":9,"minecraft:cooked_porkchop":2,"minecraft:cobbled_deepslate":9},"minecraft:custom":{"minecraft:interact_with_furnace":38,"minecraft:mob_kills":20,"minecraft:interact_with_crafting_table":24,"minecraft:leave_game":5,"minecraft:time_since_death":62024,"minecraft:time_since_rest":62024,"minecraft:sprint_one_cm":144890,"minecraft:damage_taken":234,"minecraft:walk_one_cm":127722,"minecraft:damage_blocked_by_shield":382,"minecraft:drop":17,"minecraft:damage_dealt":2819,"minecraft:swim_one_cm":4101,"minecraft:fly_one_cm":123408,"minecraft:open_chest":14,"minecraft:crouch_one_cm":31758,"minecraft:play_time":62024,"minecraft:sneak_time":10196,"minecraft:walk_under_water_one_cm":3629,"minecraft:jump":774,"minecraft:walk_on_water_one_cm":124,"minecraft:total_world_time":62024,"minecraft:fall_one_cm":11489},"minecraft:killed":{"minecraft:pig":8,"minecraft:spider":1,"minecraft:sheep":2,"minecraft:skeleton":3,"minecraft:zombie":2,"minecraft:drowned":3}},"DataVersion":3953}