{"stats":{"minecraft:mined":{"minecraft:large_amethyst_bud":2,"minecraft:deepslate_diamond_ore":2,"minecraft:medium_amethyst_bud":1,"minecraft:crafting_table":3,"minecraft:torch":1,"minecraft:cave_vines_plant":8,"minecraft:budding_amethyst":1,"minecraft:short_grass":6,"minecraft:calcite":7,"minecraft:cobblestone":1,"minecraft:oak_planks":4,"minecraft:wall_torch":3,"minecraft:amethyst_block":4,"minecraft:big_dripleaf":1,"minecraft:furnace":2,"minecraft:birch_log":9,"minecraft:iron_ore":36,"minecraft:deepslate_lapis_ore":1,"minecraft:coal_ore":34,"minecraft:oak_log":2,"minecraft:cave_vines":6,"minecraft:deepslate_iron_ore":15,"minecraft:smooth_basalt":3,"minecraft:stone":56,"minecraft:deepslate":61},"minecraft:crafted":{"minecraft:crafting_table":1,"minecraft:wooden_pickaxe":1,"minecraft:iron_helmet":1,"minecraft:furnace":2,"minecraft:birch_planks":36,"minecraft:stone_axe":1,"minecraft:cooked_mutton":2,"minecraft:air":0,"minecraft:iron_boots":1,"minecraft:iron_chestplate":1,"minecraft:shield":1,"minecraft:iron_axe":1,"minecraft:stick":16,"minecraft:iron_ingot":27,"minecraft:iron_pickaxe":1,"minecraft:stone_pickaxe":1,"minecraft:wooden_axe":1,"minecraft:iron_leggings":1,"minecraft:torch":16},"minecraft:picked_up":{"minecraft:birch_log":9,"minecraft:crafting_table":3,"minecraft:golden_pickaxe":1,"minecraft:oak_log":2,"minecraft:amethyst_block":4,"minecraft:lapis_lazuli":5,"minecraft:wheat_seeds":1,"minecraft:cobbled_deepslate":61,"minecraft:stone_pickaxe":2,"minecraft:calcite":7,"minecraft:birch_sapling":1,"minecraft:oak_planks":4,"minecraft:furnace":2,"minecraft:raw_iron":59,"minecraft:smooth_basalt":3,"minecraft:big_dripleaf":3,"minecraft:torch":4,"minecraft:rotten_flesh":7,"minecraft:diamond":2,"minecraft:stone_axe":1,"minecraft:glow_berries":10,"minecraft:mutton":2,"minecraft:coal":77,"minecraft:white_wool":1,"minecraft:cobblestone":56},"minecraft:dropped":{"minecraft:stone_axe":2,"minecraft:golden_pickaxe":1,"minecraft:stone_pickaxe":3},"minecraft:used":{"minecraft:cooked_mutton":1,"minecraft:stone_pickaxe":125,"minecraft:wooden_pickaxe":4,"minecraft:rotten_flesh":2,"minecraft:torch":15,"minecraft:crafting_table":3,"minecraft:wooden_axe":7,"minecraft:iron_axe":3,"minecraft:iron_pickaxe":102,"minecraft:iron_helmet":1,"minecraft:stone_axe":7,"minecraft:cobblestone":8,"minecraft:furnace":2},"minecraft:custom":{"minecraft:interact_with_furnace":16,"minecraft:mob_kills":2,"minecraft:interact_with_crafting_table":12,"minecraft:leave_game":4,"minecraft:time_since_death":25613,"minecraft:time_since_rest":25613,"minecraft:sprint_one_cm":64902,"minecraft:damage_taken":60,"minecraft:walk_one_cm":47644,"minecraft:drop":6,"minecraft:damage_dealt":166,"minecraft:swim_one_cm":4101,"minecraft:fly_one_cm":38717,"minecraft:crouch_one_cm":13586,"minecraft:play_time":25613,"minecraft:sneak_time":4057,"minecraft:walk_under_water_one_cm":3629,"minecraft:jump":235,"minecraft:walk_on_water_one_cm":124,"minecraft:total_world_time":25613,"minecraft:fall_one_cm":5395},"minecraft:killed":{"minecraft:sheep":1,"minecraft:drowned":1}},"DataVersion":3953}