{"stats":{"minecraft:mined":{"minecraft:iron_ore":15,"minecraft:birch_log":9,"minecraft:crafting_table":2,"minecraft:torch":1,"minecraft:short_grass":6,"minecraft:coal_ore":17,"minecraft:cobblestone":1,"minecraft:stone":51,"minecraft:wall_torch":1},"minecraft:crafted":{"minecraft:crafting_table":1,"minecraft:stick":12,"minecraft:wooden_pickaxe":1,"minecraft:stone_pickaxe":1,"minecraft:wooden_axe":1,"minecraft:torch":16,"minecraft:birch_planks":36,"minecraft:stone_axe":1},"minecraft:picked_up":{"minecraft:birch_log":9,"minecraft:raw_iron":15,"minecraft:crafting_table":2,"minecraft:golden_pickaxe":1,"minecraft:torch":2,"minecraft:rotten_flesh":7,"minecraft:stone_axe":1,"minecraft:wheat_seeds":1,"minecraft:stone_pickaxe":1,"minecraft:mutton":2,"minecraft:birch_sapling":1,"minecraft:coal":24,"minecraft:white_wool":1,"minecraft:cobblestone":51},"minecraft:dropped":{"minecraft:stone_axe":1,"minecraft:golden_pickaxe":1,"minecraft:stone_pickaxe":1},"minecraft:used":{"minecraft:wooden_axe":7,"minecraft:stone_pickaxe":82,"minecraft:wooden_pickaxe":4,"minecraft:stone_axe":3,"minecraft:torch":3,"minecraft:cobblestone":7,"minecraft:crafting_table":2},"minecraft:custom":{"minecraft:time_since_rest":13613,"minecraft:sprint_one_cm":27540,"minecraft:damage_taken":50,"minecraft:walk_one_cm":24602,"minecraft:mob_kills":2,"minecraft:drop":3,"minecraft:damage_dealt":166,"minecraft:swim_one_cm":4101,"minecraft:interact_with_crafting_table":3,"minecraft:fly_one_cm":29008,"minecraft:crouch_one_cm":9645,"minecraft:play_time":13613,"minecraft:sneak_time":2364,"minecraft:walk_under_water_one_cm":3629,"minecraft:jump":147,"minecraft:leave_game":4,"minecraft:time_since_death":13613,"minecraft:walk_on_water_one_cm":124,"minecraft:total_world_time":13613,"minecraft:fall_one_cm":3773},"minecraft:killed":{"minecraft:sheep":1,"minecraft:drowned":1}},"DataVersion":3953}