{"stats":{"minecraft:mined":{"minecraft:dark_oak_planks":39,"minecraft:large_amethyst_bud":2,"minecraft:dark_oak_leaves":2,"minecraft:deepslate_diamond_ore":47,"minecraft:dark_oak_log":88,"minecraft:ladder":1,"minecraft:cave_vines_plant":8,"minecraft:granite":16,"minecraft:budding_amethyst":1,"minecraft:grass_block":20,"minecraft:furnace":5,"minecraft:iron_ore":36,"minecraft:andesite":9,"minecraft:deepslate_lapis_ore":1,"minecraft:dark_oak_stairs":5,"minecraft:cave_vines":7,"minecraft:deepslate_iron_ore":31,"minecraft:stone":167,"minecraft:medium_amethyst_bud":1,"minecraft:crafting_table":4,"minecraft:torch":4,"minecraft:short_grass":6,"minecraft:calcite":7,"minecraft:cobblestone":1,"minecraft:deepslate_gold_ore":9,"minecraft:oak_planks":4,"minecraft:diorite":8,"minecraft:wall_torch":4,"minecraft:big_dripleaf":1,"minecraft:amethyst_block":4,"minecraft:deepslate_copper_ore":10,"minecraft:dark_oak_slab":28,"minecraft:birch_log":9,"minecraft:birch_leaves":1,"minecraft:oak_log":29,"minecraft:coal_ore":34,"minecraft:gravel":10,"minecraft:sand":104,"minecraft:dirt":24,"minecraft:smooth_basalt":3,"minecraft:oak_leaves":3,"minecraft:deepslate":273},"minecraft:crafted":{"minecraft:oak_planks":40,"minecraft:furnace":4,"minecraft:cooked_mutton":2,"minecraft:glass":31,"minecraft:diamond_helmet":1,"minecraft:iron_boots":1,"minecraft:diamond_leggings":1,"minecraft:polished_deepslate":64,"minecraft:iron_axe":1,"minecraft:ladder":6,"minecraft:stone_pickaxe":1,"minecraft:chest":4,"minecraft:diamond_boots":1,"minecraft:dark_oak_planks":212,"minecraft:diamond_sword":1,"minecraft:cooked_porkchop":17,"minecraft:dark_oak_stairs":36,"minecraft:diamond_axe":1,"minecraft:crafting_table":3,"minecraft:wooden_pickaxe":1,"minecraft:iron_helmet":1,"minecraft:birch_planks":36,"minecraft:stone_axe":1,"minecraft:air":0,"minecraft:dark_oak_slab":180,"minecraft:iron_chestplate":1,"minecraft:diamond_pickaxe":1,"minecraft:shield":1,"minecraft:stick":40,"minecraft:iron_ingot":65,"minecraft:iron_pickaxe":1,"minecraft:wooden_axe":1,"minecraft:iron_leggings":1,"minecraft:iron_shovel":1,"minecraft:gold_ingot":4,"minecraft:torch":16,"minecraft:diamond_chestplate":1},"minecraft:picked_up":{"minecraft:wooden_axe":1,"minecraft:crafting_table":4,"minecraft:ladder":1,"minecraft:golden_pickaxe":1,"minecraft:amethyst_block":4,"minecraft:string":2,"minecraft:cobbled_deepslate":287,"minecraft:calcite":7,"minecraft:birch_sapling":1,"minecraft:furnace":5,"minecraft:raw_iron":113,"minecraft:stick":8,"minecraft:big_dripleaf":3,"minecraft:torch":8,"minecraft:porkchop":42,"minecraft:redstone":1,"minecraft:dark_oak_planks":109,"minecraft:arrow":10,"minecraft:rotten_flesh":9,"minecraft:glow_berries":10,"minecraft:mutton":3,"minecraft:white_wool":2,"minecraft:cobblestone":120,"minecraft:birch_log":9,"minecraft:oak_log":33,"minecraft:gunpowder":2,"minecraft:lapis_lazuli":5,"minecraft:dirt":27,"minecraft:bone":12,"minecraft:apple":1,"minecraft:bow":1,"minecraft:wheat_seeds":1,"minecraft:raw_gold":9,"minecraft:iron_ingot":2,"minecraft:stone_pickaxe":2,"minecraft:dark_oak_stairs":5,"minecraft:oak_planks":4,"minecraft:smooth_basalt":3,"minecraft:dark_oak_slab":28,"minecraft:cooked_porkchop":2,"minecraft:gravel":12,"minecraft:sand":104,"minecraft:dark_oak_log":87,"minecraft:diamond":47,"minecraft:stone_axe":1,"minecraft:oak_sapling":4,"minecraft:coal":111},"minecraft:dropped":{"minecraft:golden_pickaxe":1,"minecraft:iron_helmet":1,"minecraft:rail":6,"minecraft:wooden_axe":1,"minecraft:iron_leggings":1,"minecraft:iron_pickaxe":1,"minecraft:stone_axe":2,"minecraft:detector_rail":2,"minecraft:birch_sapling":1,"minecraft:iron_boots":1,"minecraft:iron_chestplate":1,"minecraft:stone_pickaxe":3,"minecraft:arrow":2,"minecraft:powered_rail":4},"minecraft:used":{"minecraft:iron_shovel":134,"minecraft:polished_deepslate":48,"minecraft:ladder":5,"minecraft:chest":4,"minecraft:shield":19,"minecraft:rotten_flesh":2,"minecraft:torch":24,"minecraft:glass":31,"minecraft:wooden_axe":7,"minecraft:dark_oak_planks":92,"minecraft:iron_axe":30,"minecraft:iron_helmet":1,"minecraft:dark_oak_slab":188,"minecraft:furnace":9,"minecraft:cobbled_deepslate":9,"minecraft:cooked_mutton":2,"minecraft:dark_oak_stairs":41,"minecraft:stone_pickaxe":125,"minecraft:wooden_pickaxe":4,"minecraft:diamond_axe":206,"minecraft:glow_berries":7,"minecraft:crafting_table":7,"minecraft:dark_oak_door":2,"minecraft:oak_log":21,"minecraft:diamond_pickaxe":309,"minecraft:apple":1,"minecraft:dark_oak_log":34,"minecraft:iron_pickaxe":246,"minecraft:stone_axe":7,"minecraft:diamond_sword":43,"minecraft:cobblestone":91,"minecraft:cooked_porkchop":4},"minecraft:custom":{"minecraft:mob_kills":34,"minecraft:interact_with_crafting_table":34,"minecraft:leave_game":5,"minecraft:time_since_death":86024,"minecraft:climb_one_cm":1392,"minecraft:sprint_one_cm":243086,"minecraft:walk_one_cm":208158,"minecraft:damage_blocked_by_shield":634,"minecraft:drop":17,"minecraft:play_time":86024,"minecraft:sneak_time":11580,"minecraft:walk_under_water_one_cm":3717,"minecraft:jump":1205,"minecraft:walk_on_water_one_cm":1272,"minecraft:total_world_time":86024,"minecraft:interact_with_furnace":56,"minecraft:time_since_rest":86024,"minecraft:damage_taken":327,"minecraft:damage_dealt":5200,"minecraft:swim_one_cm":10204,"minecraft:fly_one_cm":236783,"minecraft:open_chest":29,"minecraft:crouch_one_cm":38319,"minecraft:fall_one_cm":18831},"minecraft:killed":{"minecraft:spider":2,"minecraft:skeleton":8,"minecraft:drowned":4,"minecraft:pig":11,"minecraft:creeper":1,"minecraft:squid":1,"minecraft:sheep":2,"minecraft:zombie":4}},"DataVersion":3953}