{"stats":{"minecraft:mined":{"minecraft:dark_oak_planks":123,"minecraft:large_amethyst_bud":2,"minecraft:dark_oak_leaves":4,"minecraft:deepslate_diamond_ore":47,"minecraft:dark_oak_log":208,"minecraft:obsidian":4,"minecraft:cave_vines_plant":8,"minecraft:ladder":1,"minecraft:granite":27,"minecraft:budding_amethyst":1,"minecraft:grass_block":20,"minecraft:magma_block":1,"minecraft:furnace":5,"minecraft:iron_ore":77,"minecraft:andesite":9,"minecraft:deepslate_lapis_ore":1,"minecraft:dark_oak_stairs":31,"minecraft:gold_block":3,"minecraft:polished_deepslate":19,"minecraft:polished_deepslate_slab":9,"minecraft:cave_vines":7,"minecraft:deepslate_iron_ore":31,"minecraft:stone":714,"minecraft:kelp_plant":16,"minecraft:medium_amethyst_bud":1,"minecraft:crafting_table":5,"minecraft:torch":75,"minecraft:short_grass":6,"minecraft:calcite":7,"minecraft:glass":6,"minecraft:cobblestone":39,"minecraft:deepslate_gold_ore":9,"minecraft:oak_planks":4,"minecraft:diorite":9,"minecraft:amethyst_block":4,"minecraft:wall_torch":13,"minecraft:big_dripleaf":1,"minecraft:deepslate_copper_ore":10,"minecraft:dark_oak_slab":41,"minecraft:dark_oak_door":1,"minecraft:birch_log":9,"minecraft:birch_leaves":1,"minecraft:stone_brick_stairs":1,"minecraft:oak_log":46,"minecraft:coal_ore":128,"minecraft:gravel":10,"minecraft:sand":195,"minecraft:dirt":52,"minecraft:smooth_basalt":3,"minecraft:netherrack":1,"minecraft:oak_leaves":6,"minecraft:deepslate":273},"minecraft:crafted":{"minecraft:oak_planks":40,"minecraft:furnace":10,"minecraft:dark_oak_sign":3,"minecraft:cooked_mutton":9,"minecraft:dark_oak_door":3,"minecraft:glass":102,"minecraft:diamond_helmet":1,"minecraft:diamond_leggings":1,"minecraft:iron_boots":2,"minecraft:polished_deepslate":128,"minecraft:iron_axe":2,"minecraft:ladder":6,"minecraft:stone_pickaxe":1,"minecraft:chest":6,"minecraft:diamond_boots":1,"minecraft:dark_oak_planks":524,"minecraft:diamond_sword":1,"minecraft:cooked_porkchop":34,"minecraft:dark_oak_stairs":84,"minecraft:diamond_axe":1,"minecraft:crafting_table":4,"minecraft:enchanting_table":1,"minecraft:wooden_pickaxe":1,"minecraft:iron_helmet":2,"minecraft:iron_sword":1,"minecraft:birch_planks":36,"minecraft:stone_axe":1,"minecraft:polished_deepslate_slab":18,"minecraft:air":0,"minecraft:dark_oak_slab":246,"minecraft:iron_chestplate":2,"minecraft:book":1,"minecraft:paper":3,"minecraft:diamond_pickaxe":1,"minecraft:shield":1,"minecraft:stick":52,"minecraft:iron_ingot":103,"minecraft:iron_pickaxe":2,"minecraft:wooden_axe":1,"minecraft:iron_block":3,"minecraft:iron_leggings":2,"minecraft:iron_shovel":1,"minecraft:gold_ingot":4,"minecraft:anvil":1,"minecraft:white_bed":1,"minecraft:torch":72,"minecraft:diamond_chestplate":1},"minecraft:picked_up":{"minecraft:wooden_axe":1,"minecraft:crafting_table":5,"minecraft:ladder":1,"minecraft:golden_pickaxe":1,"minecraft:gold_block":3,"minecraft:stone_brick_stairs":1,"minecraft:amethyst_block":4,"minecraft:polished_deepslate":19,"minecraft:string":2,"minecraft:cobbled_deepslate":287,"minecraft:beef":6,"minecraft:calcite":7,"minecraft:light_gray_wool":1,"minecraft:sugar_cane":3,"minecraft:birch_sapling":1,"minecraft:furnace":5,"minecraft:dark_oak_door":1,"minecraft:dark_oak_sapling":1,"minecraft:polished_deepslate_slab":9,"minecraft:stick":12,"minecraft:raw_iron":154,"minecraft:big_dripleaf":3,"minecraft:torch":91,"minecraft:porkchop":51,"minecraft:diorite":1,"minecraft:redstone":1,"minecraft:dark_oak_planks":193,"minecraft:arrow":11,"minecraft:rotten_flesh":9,"minecraft:mutton":10,"minecraft:glow_berries":10,"minecraft:obsidian":4,"minecraft:white_wool":4,"minecraft:cobblestone":688,"minecraft:birch_log":9,"minecraft:magma_block":1,"minecraft:brown_wool":1,"minecraft:leather":5,"minecraft:oak_log":50,"minecraft:gunpowder":2,"minecraft:lapis_lazuli":5,"minecraft:dirt":55,"minecraft:bone":13,"minecraft:apple":1,"minecraft:kelp":133,"minecraft:bow":1,"minecraft:wheat_seeds":1,"minecraft:raw_gold":9,"minecraft:iron_ingot":2,"minecraft:stone_pickaxe":2,"minecraft:oak_planks":4,"minecraft:dark_oak_stairs":31,"minecraft:smooth_basalt":3,"minecraft:dark_oak_slab":42,"minecraft:cooked_porkchop":2,"minecraft:gravel":12,"minecraft:sand":195,"minecraft:dark_oak_log":207,"minecraft:diamond":47,"minecraft:stone_axe":1,"minecraft:granite":11,"minecraft:gray_wool":2,"minecraft:oak_sapling":5,"minecraft:netherrack":1,"minecraft:coal":205},"minecraft:used":{"minecraft:enchanting_table":1,"minecraft:iron_shovel":242,"minecraft:polished_deepslate":114,"minecraft:ladder":5,"minecraft:chest":6,"minecraft:shield":21,"minecraft:rotten_flesh":2,"minecraft:torch":73,"minecraft:dirt":22,"minecraft:anvil":1,"minecraft:glass":56,"minecraft:wooden_axe":7,"minecraft:dark_oak_planks":247,"minecraft:iron_axe":30,"minecraft:iron_helmet":1,"minecraft:dark_oak_slab":257,"minecraft:furnace":15,"minecraft:cobbled_deepslate":9,"minecraft:cooked_mutton":3,"minecraft:dark_oak_stairs":94,"minecraft:dark_oak_sign":1,"minecraft:stone_pickaxe":125,"minecraft:wooden_pickaxe":4,"minecraft:diamond_axe":472,"minecraft:polished_deepslate_slab":9,"minecraft:glow_berries":7,"minecraft:sand":22,"minecraft:crafting_table":9,"minecraft:dark_oak_door":5,"minecraft:oak_log":31,"minecraft:diamond_pickaxe":1088,"minecraft:apple":1,"minecraft:dark_oak_log":76,"minecraft:iron_pickaxe":246,"minecraft:stone_axe":7,"minecraft:diamond_sword":76,"minecraft:cobblestone":282,"minecraft:cooked_porkchop":11},"minecraft:dropped":{"minecraft:iron_ingot":7,"minecraft:iron_sword":1,"minecraft:golden_pickaxe":1,"minecraft:cooked_porkchop":12,"minecraft:iron_helmet":2,"minecraft:rail":6,"minecraft:wooden_axe":1,"minecraft:iron_leggings":2,"minecraft:iron_axe":1,"minecraft:iron_pickaxe":2,"minecraft:stone_axe":2,"minecraft:detector_rail":2,"minecraft:dark_oak_sign":2,"minecraft:birch_sapling":1,"minecraft:iron_boots":2,"minecraft:white_bed":1,"minecraft:iron_chestplate":2,"minecraft:arrow":2,"minecraft:stone_pickaxe":3,"minecraft:powered_rail":4},"minecraft:custom":{"minecraft:interact_with_anvil":1,"minecraft:mob_kills":52,"minecraft:interact_with_crafting_table":63,"minecraft:leave_game":6,"minecraft:time_since_death":192387,"minecraft:climb_one_cm":6403,"minecraft:sprint_one_cm":463111,"minecraft:walk_one_cm":509179,"minecraft:damage_blocked_by_shield":694,"minecraft:drop":29,"minecraft:play_time":192387,"minecraft:sneak_time":20222,"minecraft:walk_under_water_one_cm":10822,"minecraft:jump":2227,"minecraft:walk_on_water_one_cm":11479,"minecraft:enchant_item":1,"minecraft:total_world_time":192387,"minecraft:interact_with_furnace":90,"minecraft:time_since_rest":192387,"minecraft:damage_taken":426,"minecraft:damage_dealt":6969,"minecraft:swim_one_cm":47308,"minecraft:fly_one_cm":452736,"minecraft:open_chest":60,"minecraft:crouch_one_cm":73264,"minecraft:fall_one_cm":36815},"minecraft:killed":{"minecraft:spider":2,"minecraft:skeleton":10,"minecraft:drowned":4,"minecraft:pig":16,"minecraft:bat":1,"minecraft:creeper":1,"minecraft:squid":1,"minecraft:sheep":7,"minecraft:zombie":4,"minecraft:cow":4}},"DataVersion":3953}