{"stats":{"minecraft:crafted":{"minecraft:cooked_porkchop":3,"minecraft:crafting_table":1,"minecraft:wooden_pickaxe":1,"minecraft:cooked_chicken":2,"minecraft:furnace":1,"minecraft:birch_planks":136,"minecraft:stone_axe":2,"minecraft:cooked_mutton":7,"minecraft:air":0,"minecraft:stick":16,"minecraft:stone_pickaxe":1,"minecraft:wooden_axe":1,"minecraft:white_bed":1,"minecraft:torch":32},"minecraft:custom":{"minecraft:interact_with_furnace":17,"minecraft:mob_kills":45,"minecraft:interact_with_crafting_table":15,"minecraft:leave_game":1,"minecraft:time_since_death":33702,"minecraft:sleep_in_bed":5,"minecraft:time_since_rest":12006,"minecraft:sprint_one_cm":135712,"minecraft:damage_taken":443,"minecraft:walk_one_cm":58948,"minecraft:drop":6,"minecraft:damage_dealt":5422,"minecraft:swim_one_cm":25214,"minecraft:fly_one_cm":267857,"minecraft:crouch_one_cm":6990,"minecraft:play_time":33702,"minecraft:sneak_time":2009,"minecraft:walk_under_water_one_cm":7373,"minecraft:jump":966,"minecraft:walk_on_water_one_cm":6039,"minecraft:total_world_time":33702,"minecraft:fall_one_cm":19476},"minecraft:dropped":{"minecraft:birch_planks":64,"minecraft:cooked_porkchop":1,"minecraft:cooked_mutton":5,"minecraft:torch":16},"minecraft:broken":{"minecraft:stone_axe":1},"minecraft:mined":{"minecraft:white_bed":2,"minecraft:crafting_table":1,"minecraft:short_grass":2,"minecraft:grass_block":4,"minecraft:rose_bush":1,"minecraft:sugar_cane":3,"minecraft:furnace":1,"minecraft:birch_log":34,"minecraft:coal_ore":54,"minecraft:dirt":8,"minecraft:stone":46},"minecraft:used":{"minecraft:cooked_mutton":1,"minecraft:birch_planks":4,"minecraft:stone_pickaxe":96,"minecraft:wooden_pickaxe":6,"minecraft:cooked_chicken":2,"minecraft:torch":1,"minecraft:dirt":9,"minecraft:crafting_table":2,"minecraft:white_bed":2,"minecraft:wooden_axe":13,"minecraft:stone_axe":101,"minecraft:furnace":1,"minecraft:cooked_porkchop":4,"minecraft:egg":1},"minecraft:picked_up":{"minecraft:birch_log":34,"minecraft:crafting_table":2,"minecraft:feather":3,"minecraft:chicken":2,"minecraft:leather":5,"minecraft:brown_wool":1,"minecraft:birch_planks":32,"minecraft:gunpowder":2,"minecraft:dirt":30,"minecraft:string":2,"minecraft:cooked_mutton":3,"minecraft:bone":8,"minecraft:beef":7,"minecraft:sugar_cane":5,"minecraft:birch_sapling":3,"minecraft:egg":1,"minecraft:furnace":1,"minecraft:stick":2,"minecraft:cooked_porkchop":2,"minecraft:porkchop":20,"minecraft:white_bed":2,"minecraft:spider_eye":2,"minecraft:arrow":6,"minecraft:rotten_flesh":2,"minecraft:gray_wool":2,"minecraft:cod":1,"minecraft:mutton":12,"minecraft:coal":64,"minecraft:white_wool":5,"minecraft:cobblestone":49},"minecraft:killed":{"minecraft:pig":10,"minecraft:spider":4,"minecraft:cod":1,"minecraft:creeper":5,"minecraft:sheep":8,"minecraft:skeleton":4,"minecraft:zombie":6,"minecraft:chicken":2,"minecraft:cow":5}},"DataVersion":3700}