{"stats":{"minecraft:crafted":{"minecraft:cooked_porkchop":3,"minecraft:crafting_table":1,"minecraft:stick":16,"minecraft:cooked_chicken":2,"minecraft:wooden_pickaxe":1,"minecraft:stone_pickaxe":1,"minecraft:wooden_axe":1,"minecraft:furnace":1,"minecraft:white_bed":1,"minecraft:torch":32,"minecraft:birch_planks":136,"minecraft:stone_axe":1,"minecraft:air":0,"minecraft:cooked_mutton":7},"minecraft:custom":{"minecraft:time_since_rest":2511,"minecraft:interact_with_furnace":16,"minecraft:sprint_one_cm":50834,"minecraft:damage_taken":110,"minecraft:walk_one_cm":32935,"minecraft:mob_kills":16,"minecraft:drop":6,"minecraft:damage_dealt":1718,"minecraft:interact_with_crafting_table":13,"minecraft:fly_one_cm":75869,"minecraft:crouch_one_cm":6613,"minecraft:play_time":17475,"minecraft:sneak_time":1734,"minecraft:walk_under_water_one_cm":2848,"minecraft:jump":318,"minecraft:walk_on_water_one_cm":3283,"minecraft:time_since_death":17475,"minecraft:sleep_in_bed":2,"minecraft:total_world_time":17475,"minecraft:fall_one_cm":6965},"minecraft:dropped":{"minecraft:birch_planks":64,"minecraft:torch":16,"minecraft:cooked_porkchop":1,"minecraft:cooked_mutton":5},"minecraft:mined":{"minecraft:birch_log":34,"minecraft:crafting_table":1,"minecraft:grass_block":4,"minecraft:coal_ore":43,"minecraft:rose_bush":1,"minecraft:dirt":7,"minecraft:stone":44},"minecraft:used":{"minecraft:wooden_axe":13,"minecraft:birch_planks":4,"minecraft:stone_pickaxe":81,"minecraft:wooden_pickaxe":6,"minecraft:stone_axe":41,"minecraft:dirt":9,"minecraft:crafting_table":2,"minecraft:furnace":1,"minecraft:cooked_porkchop":2,"minecraft:white_bed":1,"minecraft:egg":1},"minecraft:picked_up":{"minecraft:birch_log":34,"minecraft:crafting_table":1,"minecraft:feather":3,"minecraft:chicken":2,"minecraft:cooked_porkchop":2,"minecraft:brown_wool":1,"minecraft:birch_planks":32,"minecraft:porkchop":5,"minecraft:dirt":11,"minecraft:bone":1,"minecraft:arrow":1,"minecraft:gray_wool":2,"minecraft:birch_sapling":2,"minecraft:mutton":10,"minecraft:coal":46,"minecraft:white_wool":4,"minecraft:cobblestone":47,"minecraft:egg":1},"minecraft:killed":{"minecraft:sheep":7,"minecraft:skeleton":1,"minecraft:zombie":1,"minecraft:pig":4,"minecraft:chicken":2,"minecraft:creeper":1}},"DataVersion":3700}