{
  "minecraft:recipes/decorations/crafting_table": {
    "criteria": {
      "unlock_right_away": "2024-07-03 16:00:13 -0600"
    },
    "done": true
  },
  "minecraft:adventure/adventuring_time": {
    "criteria": {
      "minecraft:sparse_jungle": "2024-07-03 16:00:14 -0600",
      "minecraft:stony_shore": "2024-07-03 16:02:32 -0600"
    },
    "done": false
  },
  "minecraft:adventure/sleep_in_bed": {
    "criteria": {
      "slept_in_bed": "2024-07-03 16:02:36 -0600"
    },
    "done": true
  },
  "DataVersion": 3839
}